{"stats":{"minecraft:killed":{"born_in_chaos_v1:zombie_clown":3,"naturalist:rattlesnake":1,"born_in_chaos_v1:zombie_lumberjack":4,"born_in_chaos_v1:skeleton_demoman":1,"minecraft:spider":3,"iceandfire:gorgon":1,"born_in_chaos_v1:siamese_skeletonsright":2,"born_in_chaos_v1:baby_skeleton_minion":2,"born_in_chaos_v1:scarlet_persecutor":4,"minecraft:skeleton":3,"minecraft:turtle":2,"born_in_chaos_v1:bonescaller":1,"minecraft:pig":5,"minecraft:creeper":3,"dungeons_mobs:jungle_zombie":2,"naturalist:rhino":1,"minecraft:sheep":8,"minecraft:zombie":22,"born_in_chaos_v1:dread_hound":1,"born_in_chaos_v1:corpse_fly":18,"minecraft:glow_squid":1,"born_in_chaos_v1:door_knight":1,"born_in_chaos_v1:siamese_skeletonsleft":3,"minecraft:cow":2,"quark:toretoise":1,"born_in_chaos_v1:maggot":4,"minecraft:drowned":1,"born_in_chaos_v1:baby_skeleton":1,"born_in_chaos_v1:swarmer":1,"born_in_chaos_v1:decrepit_skeleton":5,"iceandfire:ghost":3,"iceandfire:ice_dragon":1},"minecraft:mined":{"minecraft:andesite_stairs":1,"minecraft:cobblestone_stairs":1,"minecraft:grass_block":9,"minecraft:composter":1,"minecraft:red_stained_glass_pane":4,"minecraft:iron_ore":2,"minecraft:pumpkin":7,"minecraft:green_stained_glass":1,"iceandfire:gold_pile":53,"minecraft:oak_stairs":2,"dynamictrees:jungle_undergrowth_leaves":10,"minecraft:red_bed":1,"iceandfire:dragon_ice_spikes":8,"minecraft:torch":6,"minecraft:chest":1,"minecraft:dead_bush":5,"dynamictrees:jungle_branch":168,"minecraft:sugar_cane":6,"minecraft:wall_torch":5,"minecraft:skeleton_skull":11,"minecraft:wheat":2,"minecraft:wither_rose":1,"minecraft:stone_brick_stairs":1,"minecraft:grass":57,"minecraft:sand":1,"minecraft:dirt":40,"villagersplus:alchemist_table":1,"minecraft:potted_red_tulip":1,"minecraft:deepslate":1,"minecraft:oak_leaves":8,"iceandfire:silver_ore":2,"minecraft:gray_stained_glass_pane":2,"minecraft:spruce_fence":2,"minecraft:jungle_planks":1,"quark:jungle_chest":3,"minecraft:birch_slab":1,"iceandfire:dragon_ice":2,"minecraft:moss_block":3,"minecraft:hay_block":40,"dynamictrees:oak_leaves":9,"minecraft:oak_trapdoor":2,"minecraft:furnace":2,"dynamictrees:oak_undergrowth_leaves":7,"iceandfire:chared_gravel":1,"dynamictrees:oak_branch":226,"minecraft:lantern":3,"minecraft:stone":46,"minecraft:oak_slab":1,"minecraft:acacia_leaves":5,"quark:oak_chest":1,"minecraft:brown_stained_glass_pane":1,"minecraft:oak_fence":2,"iceandfire:frozen_gravel":1,"minecraft:crafting_table":5,"minecraft:campfire":2,"minecraft:tall_grass":7,"minecraft:deepslate_gold_ore":4,"minecraft:blue_bed":1,"minecraft:air":146,"minecraft:purple_bed":2,"minecraft:coarse_dirt":2,"iceandfire:silver_pile":6,"minecraft:gravel":25,"minecraft:cobweb":12,"minecraft:cracked_stone_bricks":1,"minecraft:gold_ore":2,"minecraft:fern":7},"minecraft:crafted":{"minecraft:oak_planks":44,"minecraft:stone":6,"minecraft:cooked_mutton":4,"immersive_armors:heavy_boots":2,"minecraft:chest":1,"minecraft:cooked_porkchop":2,"minecraft:crafting_table":8,"immersive_armors:heavy_chestplate":2,"minecraft:jungle_boat":2,"minecraft:wooden_pickaxe":2,"minecraft:campfire":2,"minecraft:charcoal":8,"minecraft:shield":2,"quark:oak_chest":1,"minecraft:iron_pickaxe":1,"minecraft:iron_ingot":36,"minecraft:iron_block":27,"minecraft:gold_ingot":134,"immersive_armors:heavy_helmet":2,"comforts:sleeping_bag_white":2,"quark:jungle_chest":6,"minecraft:furnace":3,"minecraft:iron_axe":1,"epicfight:iron_greatsword":2,"minecraft:stone_pickaxe":3,"minecraft:wheat":621,"minecraft:cooked_beef":2,"immersive_armors:heavy_leggings":2,"minecraft:stone_axe":2,"minecraft:bread":186,"minecraft:air":0,"minecraft:jungle_planks":216,"minecraft:oak_boat":1,"minecraft:white_wool":3,"justhammers:stone_hammer":2,"minecraft:wooden_axe":3,"minecraft:anvil":1,"minecraft:torch":28},"minecraft:custom":{"minecraft:interact_with_crafting_table":64,"minecraft:open_barrel":2,"minecraft:bell_ring":7,"minecraft:leave_game":14,"minecraft:time_since_death":4562,"minecraft:sprint_one_cm":950063,"minecraft:damage_blocked_by_shield":436,"minecraft:drop":155,"minecraft:talked_to_villager":2,"minecraft:play_time":296723,"minecraft:deaths":28,"minecraft:jump":3763,"minecraft:interact_with_brewingstand":1,"minecraft:walk_on_water_one_cm":65306,"minecraft:interact_with_furnace":35,"minecraft:sleep_in_bed":6,"minecraft:damage_dealt":24235,"minecraft:player_kills":2,"minecraft:crouch_one_cm":36469,"minecraft:interact_with_anvil":4,"minecraft:mob_kills":121,"minecraft:damage_dealt_resisted":1378,"minecraft:climb_one_cm":7309,"minecraft:walk_one_cm":1295674,"minecraft:damage_dealt_absorbed":212,"minecraft:sneak_time":7431,"minecraft:walk_under_water_one_cm":47688,"minecraft:boat_one_cm":62744,"minecraft:total_world_time":296723,"minecraft:time_since_rest":3337,"minecraft:damage_taken":2147483647,"minecraft:trigger_trapped_chest":2,"minecraft:swim_one_cm":42843,"minecraft:fly_one_cm":960703,"minecraft:open_chest":200,"minecraft:fall_one_cm":94137},"minecraft:killed_by":{"iceandfire:siren":1,"dungeons_mobs:jungle_zombie":1,"iceandfire:sea_serpent":1,"dungeons_mobs:mossy_skeleton":2,"iceandfire:ice_dragon":2,"born_in_chaos_v1:scarlet_persecutor":1,"iceandfire:fire_dragon":8,"minecraft:player":3,"born_in_chaos_v1:fallen_chaos_knight":1,"born_in_chaos_v1:bonescaller":1,"iceandfire:gorgon":4,"minecraft:skeleton":2,"born_in_chaos_v1:door_knight":1},"minecraft:broken":{"minecraft:stone_pickaxe":1,"justhammers:stone_hammer":1,"minecraft:stone_axe":1,"minecraft:wooden_axe":3},"minecraft:dropped":{"minecraft:porkchop":2,"minecraft:cooked_beef":2,"minecraft:crafting_table":1,"iceandfire:ectoplasm":3,"minecraft:flint":4,"born_in_chaos_v1:monster_flesh":2,"minecraft:dirt":10,"dynamictrees:jungle_seed":13,"born_in_chaos_v1:monster_skin":2,"immersive_armors:heavy_boots":1,"villagersplus:alchemist_table":1,"iceandfire:chared_gravel":1,"artifacts:charm_of_sinking":1,"minecraft:chain":10,"minecraft:gold_nugget":9,"minecraft:blue_bed":1,"immersive_armors:heavy_leggings":1,"minecraft:stone_axe":2,"minecraft:sugar_cane":18,"minecraft:yellow_wool":2,"minecraft:obsidian":2,"minecraft:rotten_flesh":8,"minecraft:oak_planks":32,"justhammers:iron_hammer":2,"evilcraft:flesh_humanoid":4,"justhammers:stone_hammer":1,"born_in_chaos_v1:corpse_maggot":2,"minecraft:acacia_sapling":4,"comforts:sleeping_bag_white":2,"endrem:black_eye":2,"minecraft:bread":41,"born_in_chaos_v1:wood_splitter_axe":1,"minecraft:wheat_seeds":7,"minecraft:mossy_cobblestone":3,"iceandfire:armor_copper_metal_chestplate":1,"minecraft:stick":55,"minecraft:torch":9,"epicfight:iron_greatsword":1,"minecraft:iron_leggings":4,"epicfight:stone_greatsword":1,"minecraft:wither_rose":1,"minecraft:paper":1,"minecraft:string":1,"iceandfire:dragonbone":1,"minecraft:raw_copper":5,"minecraft:sticky_piston":10,"minecraft:tall_grass":2,"minecraft:iron_boots":1,"immersive_armors:heavy_chestplate":1,"immersive_armors:heavy_helmet":1,"minecraft:shield":1,"minecraft:stone_pickaxe":3,"minecraft:wooden_pickaxe":2},"minecraft:picked_up":{"minecraft:yellow_wool":2,"minecraft:oak_stairs":1,"minecraft:wither_rose":1,"minecraft:enchanted_book":1,"minecraft:stone_brick_stairs":2,"iceandfire:manuscript":6,"minecraft:string":15,"minecraft:raw_copper":5,"minecraft:iron_leggings":5,"minecraft:sticky_piston":10,"minecraft:gold_nugget":1076,"minecraft:cobbled_deepslate":261,"minecraft:spruce_planks":2,"minecraft:bucket":1,"comforts:sleeping_bag_white":3,"dynamictrees:oak_seed":2,"iceandfire:frozen_gravel":1,"minecraft:melon_slice":2,"minecraft:furnace":2,"minecraft:iron_boots":1,"minecraft:tipped_arrow":1,"minecraft:stick":146,"minecraft:composter":1,"minecraft:oak_fence":2,"minecraft:torch":12,"minecraft:acacia_log":1,"iceandfire:dragonscales_white":19,"iceandfire:silver_ore":3,"epicfight:skillbook":2,"minecraft:porkchop":7,"minecraft:honeycomb_block":1,"minecraft:rotten_flesh":33,"villagersplus:alchemist_table":2,"minecraft:cobblestone":408,"minecraft:birch_slab":1,"minecraft:jungle_log":68,"minecraft:tuff":93,"evilcraft:flesh_humanoid":8,"minecraft:dirt":53,"minecraft:lantern":3,"born_in_chaos_v1:monster_skin":2,"minecraft:bone":31,"minecraft:acacia_planks":2,"minecraft:wheat_seeds":12,"minecraft:raw_gold":23,"minecraft:mossy_stone_bricks":14,"minecraft:moss_block":5,"minecraft:oak_planks":48,"justhammers:iron_hammer":1,"minecraft:jungle_planks":2,"iceandfire:frozen_dirt":6,"minecraft:mossy_cobblestone":3,"minecraft:diamond":5,"iceandfire:dragon_ice":2,"minecraft:granite":1,"minecraft:bread":1,"minecraft:emerald":4,"minecraft:rooted_dirt":3,"iceandfire:gorgon_head":1,"born_in_chaos_v1:rotten_fish":1,"iceandfire:silver_nugget":120,"iceandfire:dragon_skull_lightning":1,"minecraft:coarse_dirt":2,"minecraft:charcoal":2,"minecraft:crafting_table":6,"minecraft:ladder":1,"born_in_chaos_v1:seedof_chaos":2,"iceandfire:frozen_cobblestone":2,"minecraft:chain":2,"minecraft:oak_trapdoor":2,"iceandfire:frozen_stone":1,"minecraft:cracked_stone_bricks":13,"minecraft:beef":2,"minecraft:sugar_cane":18,"iceandfire:ice_dragon_heart":1,"minecraft:raw_iron":15,"iceandfire:dragonbone":25,"artifacts:charm_of_sinking":1,"quark:jungle_chest":3,"iceandfire:dragon_skull_ice":1,"iceandfire:silver_ingot":2,"minecraft:arrow":2,"born_in_chaos_v1:wood_splitter_axe":1,"minecraft:hay_block":40,"minecraft:gold_ingot":9,"minecraft:mutton":13,"minecraft:skeleton_skull":11,"minecraft:white_wool":5,"born_in_chaos_v1:fused_bone":5,"born_in_chaos_v1:corpse_maggot":16,"minecraft:jungle_boat":1,"born_in_chaos_v1:monster_flesh":3,"minecraft:glow_ink_sac":5,"minecraft:leather":4,"minecraft:oak_log":11,"iceandfire:ectoplasm":4,"minecraft:gunpowder":5,"minecraft:cobblestone_stairs":1,"minecraft:blue_bed":1,"quark:forgotten_hat":1,"minecraft:stone_bricks":351,"minecraft:iron_ingot":24,"minecraft:stone_pickaxe":1,"minecraft:cobweb":5,"minecraft:book":1,"minecraft:oak_slab":1,"endrem:black_eye":2,"minecraft:pumpkin":7,"epicfight:stone_greatsword":1,"born_in_chaos_v1:ethereal_spirit":1,"minecraft:gravel":21,"minecraft:spider_eye":1,"minecraft:purple_bed":2,"minecraft:slime_ball":1,"minecraft:stone_axe":1,"dynamictrees:jungle_seed":13,"minecraft:melon_seeds":1,"minecraft:black_wool":1,"iceandfire:chared_gravel":1,"minecraft:coal":27},"minecraft:used":{"minecraft:iron_shovel":19,"minecraft:chest":1,"minecraft:shield":61,"minecraft:iron_sword":23,"minecraft:rotten_flesh":6,"minecraft:jungle_planks":9,"born_in_chaos_v1:corpse_maggot":2,"minecraft:lantern":4,"minecraft:furnace":5,"epicfight:skillbook":6,"minecraft:stone_pickaxe":47,"minecraft:oak_planks":4,"minecraft:wooden_pickaxe":43,"minecraft:composter":1,"villagersplus:alchemist_table":1,"minecraft:jungle_boat":2,"minecraft:melon_slice":2,"minecraft:bread":125,"minecraft:gravel":7,"minecraft:oak_boat":4,"minecraft:cobweb":14,"minecraft:acacia_log":1,"iceandfire:silver_sword":4,"quark:jungle_chest":9,"minecraft:spruce_planks":2,"minecraft:torch":16,"minecraft:brewing_stand":1,"minecraft:dirt":8,"minecraft:anvil":1,"minecraft:wooden_axe":223,"minecraft:bookshelf":1,"epicfight:iron_greatsword":97,"minecraft:iron_axe":362,"minecraft:oak_stairs":1,"minecraft:rooted_dirt":3,"epicfight:stone_greatsword":120,"iceandfire:dragon_ice":2,"evilcraft:flesh_humanoid":1,"comforts:sleeping_bag_white":2,"minecraft:pumpkin":4,"minecraft:iron_leggings":1,"minecraft:water_bucket":1,"minecraft:oak_slab":1,"minecraft:crafting_table":12,"minecraft:campfire":2,"justhammers:iron_hammer":212,"minecraft:iron_pickaxe":78,"justhammers:stone_hammer":85,"minecraft:stone_axe":82,"minecraft:cobblestone":29,"minecraft:purple_bed":2,"minecraft:cooked_porkchop":2,"minecraft:bucket":1,"quark:oak_chest":1}},"DataVersion":3120}