{"stats":{"minecraft:killed_by":{"minecraft:player":3,"iceandfire:siren":1,"dungeons_mobs:jungle_zombie":1,"born_in_chaos_v1:fallen_chaos_knight":1,"dungeons_mobs:mossy_skeleton":2,"born_in_chaos_v1:bonescaller":1,"minecraft:skeleton":2,"born_in_chaos_v1:scarlet_persecutor":1,"born_in_chaos_v1:door_knight":1,"iceandfire:fire_dragon":8},"minecraft:broken":{"minecraft:stone_pickaxe":1,"justhammers:stone_hammer":1,"minecraft:stone_axe":1,"minecraft:wooden_axe":3},"minecraft:picked_up":{"minecraft:crafting_table":5,"minecraft:charcoal":2,"minecraft:coarse_dirt":2,"minecraft:ladder":1,"born_in_chaos_v1:seedof_chaos":2,"minecraft:wither_rose":1,"minecraft:chain":2,"iceandfire:manuscript":6,"minecraft:string":14,"minecraft:oak_trapdoor":2,"minecraft:raw_copper":5,"minecraft:iron_leggings":5,"minecraft:gold_nugget":789,"minecraft:cobbled_deepslate":206,"comforts:sleeping_bag_white":1,"dynamictrees:oak_seed":2,"minecraft:melon_slice":2,"minecraft:sugar_cane":8,"minecraft:iron_boots":1,"minecraft:furnace":2,"minecraft:tipped_arrow":1,"minecraft:stick":145,"minecraft:raw_iron":15,"minecraft:torch":12,"minecraft:acacia_log":1,"iceandfire:silver_ore":3,"quark:jungle_chest":2,"epicfight:skillbook":2,"minecraft:porkchop":5,"minecraft:honeycomb_block":1,"iceandfire:silver_ingot":2,"minecraft:arrow":1,"minecraft:rotten_flesh":32,"born_in_chaos_v1:wood_splitter_axe":1,"minecraft:hay_block":28,"minecraft:gold_ingot":9,"villagersplus:alchemist_table":2,"minecraft:white_wool":1,"minecraft:cobblestone":401,"born_in_chaos_v1:fused_bone":2,"born_in_chaos_v1:corpse_maggot":12,"minecraft:jungle_boat":1,"born_in_chaos_v1:monster_flesh":2,"minecraft:glow_ink_sac":5,"minecraft:jungle_log":68,"minecraft:tuff":93,"minecraft:oak_log":11,"evilcraft:flesh_humanoid":6,"iceandfire:ectoplasm":4,"minecraft:gunpowder":5,"minecraft:dirt":52,"minecraft:blue_bed":1,"minecraft:lantern":3,"quark:forgotten_hat":1,"born_in_chaos_v1:monster_skin":2,"minecraft:bone":29,"minecraft:acacia_planks":2,"minecraft:wheat_seeds":9,"minecraft:raw_gold":23,"minecraft:iron_ingot":21,"minecraft:stone_pickaxe":1,"minecraft:cobweb":5,"minecraft:moss_block":5,"minecraft:oak_planks":47,"minecraft:book":1,"epicfight:stone_greatsword":1,"born_in_chaos_v1:ethereal_spirit":1,"minecraft:jungle_planks":1,"minecraft:spider_eye":1,"minecraft:purple_bed":2,"minecraft:slime_ball":1,"minecraft:diamond":2,"minecraft:stone_axe":1,"dynamictrees:jungle_seed":13,"minecraft:granite":1,"minecraft:bread":1,"minecraft:rooted_dirt":3,"born_in_chaos_v1:rotten_fish":1,"minecraft:melon_seeds":1,"minecraft:coal":27,"iceandfire:chared_gravel":1},"minecraft:custom":{"minecraft:mob_kills":89,"minecraft:interact_with_crafting_table":56,"minecraft:open_barrel":1,"minecraft:damage_dealt_resisted":1378,"minecraft:leave_game":12,"minecraft:time_since_death":61756,"minecraft:climb_one_cm":5939,"minecraft:sprint_one_cm":655489,"minecraft:walk_one_cm":914682,"minecraft:drop":122,"minecraft:damage_dealt_absorbed":212,"minecraft:play_time":216947,"minecraft:sneak_time":5372,"minecraft:deaths":21,"minecraft:walk_under_water_one_cm":42454,"minecraft:boat_one_cm":61442,"minecraft:interact_with_brewingstand":1,"minecraft:jump":2507,"minecraft:walk_on_water_one_cm":47005,"minecraft:total_world_time":216947,"minecraft:interact_with_furnace":28,"minecraft:sleep_in_bed":3,"minecraft:time_since_rest":28290,"minecraft:damage_taken":9292,"minecraft:trigger_trapped_chest":2,"minecraft:damage_dealt":18171,"minecraft:player_kills":2,"minecraft:swim_one_cm":30788,"minecraft:fly_one_cm":676175,"minecraft:open_chest":116,"minecraft:crouch_one_cm":25602,"minecraft:fall_one_cm":64112},"minecraft:used":{"minecraft:acacia_log":1,"quark:jungle_chest":6,"minecraft:chest":1,"minecraft:iron_sword":23,"minecraft:rotten_flesh":6,"minecraft:torch":16,"minecraft:brewing_stand":1,"minecraft:dirt":7,"minecraft:jungle_planks":8,"minecraft:wooden_axe":223,"born_in_chaos_v1:corpse_maggot":2,"minecraft:bookshelf":1,"minecraft:rooted_dirt":3,"epicfight:iron_greatsword":37,"minecraft:lantern":3,"minecraft:iron_axe":144,"evilcraft:flesh_humanoid":1,"epicfight:stone_greatsword":120,"minecraft:furnace":5,"comforts:sleeping_bag_white":1,"minecraft:iron_leggings":1,"minecraft:water_bucket":1,"epicfight:skillbook":6,"minecraft:stone_pickaxe":47,"minecraft:oak_planks":4,"minecraft:wooden_pickaxe":43,"villagersplus:alchemist_table":1,"minecraft:jungle_boat":2,"minecraft:crafting_table":12,"minecraft:campfire":2,"justhammers:iron_hammer":86,"minecraft:iron_pickaxe":10,"minecraft:bread":74,"minecraft:melon_slice":2,"justhammers:stone_hammer":85,"minecraft:stone_axe":82,"minecraft:cobblestone":29,"minecraft:purple_bed":2,"minecraft:cooked_porkchop":2,"minecraft:bucket":1,"quark:oak_chest":1,"minecraft:oak_boat":1,"minecraft:cobweb":12},"minecraft:crafted":{"immersive_armors:heavy_helmet":2,"minecraft:oak_planks":44,"comforts:sleeping_bag_white":1,"quark:jungle_chest":4,"minecraft:furnace":3,"minecraft:stone":6,"immersive_armors:heavy_boots":2,"minecraft:iron_axe":1,"minecraft:stone_pickaxe":3,"epicfight:iron_greatsword":2,"minecraft:chest":1,"minecraft:wheat":513,"minecraft:cooked_porkchop":2,"minecraft:crafting_table":8,"immersive_armors:heavy_chestplate":2,"minecraft:jungle_boat":2,"minecraft:wooden_pickaxe":2,"immersive_armors:heavy_leggings":2,"minecraft:campfire":2,"minecraft:stone_axe":2,"minecraft:bread":150,"minecraft:air":0,"minecraft:jungle_planks":216,"minecraft:oak_boat":1,"minecraft:white_wool":3,"minecraft:charcoal":8,"justhammers:stone_hammer":2,"quark:oak_chest":1,"minecraft:iron_ingot":22,"minecraft:iron_pickaxe":1,"minecraft:wooden_axe":3,"minecraft:iron_block":24,"minecraft:gold_ingot":134,"minecraft:torch":28},"minecraft:killed":{"born_in_chaos_v1:zombie_clown":2,"naturalist:rattlesnake":1,"born_in_chaos_v1:zombie_lumberjack":4,"born_in_chaos_v1:skeleton_demoman":1,"minecraft:spider":2,"quark:toretoise":1,"born_in_chaos_v1:siamese_skeletonsright":1,"born_in_chaos_v1:baby_skeleton_minion":2,"born_in_chaos_v1:scarlet_persecutor":4,"born_in_chaos_v1:maggot":4,"minecraft:skeleton":1,"minecraft:drowned":1,"minecraft:turtle":2,"born_in_chaos_v1:bonescaller":1,"minecraft:pig":3,"born_in_chaos_v1:swarmer":1,"minecraft:creeper":2,"dungeons_mobs:jungle_zombie":2,"born_in_chaos_v1:decrepit_skeleton":5,"minecraft:sheep":1,"minecraft:zombie":18,"iceandfire:ghost":3,"born_in_chaos_v1:corpse_fly":15,"minecraft:glow_squid":1,"born_in_chaos_v1:door_knight":1,"born_in_chaos_v1:siamese_skeletonsleft":1},"minecraft:mined":{"iceandfire:silver_ore":2,"minecraft:andesite_stairs":1,"minecraft:spruce_fence":2,"minecraft:grass_block":8,"quark:jungle_chest":2,"minecraft:moss_block":3,"minecraft:red_stained_glass_pane":2,"minecraft:hay_block":28,"dynamictrees:oak_leaves":9,"minecraft:oak_trapdoor":2,"minecraft:furnace":2,"dynamictrees:oak_undergrowth_leaves":7,"minecraft:iron_ore":2,"iceandfire:chared_gravel":1,"minecraft:green_stained_glass":1,"dynamictrees:oak_branch":90,"iceandfire:gold_pile":27,"minecraft:oak_stairs":1,"minecraft:lantern":3,"dynamictrees:jungle_undergrowth_leaves":10,"minecraft:stone":46,"minecraft:acacia_leaves":4,"minecraft:red_bed":1,"quark:oak_chest":1,"minecraft:brown_stained_glass_pane":1,"minecraft:torch":6,"minecraft:crafting_table":5,"minecraft:chest":1,"minecraft:dead_bush":2,"minecraft:campfire":2,"minecraft:tall_grass":3,"dynamictrees:jungle_branch":168,"minecraft:deepslate_gold_ore":4,"minecraft:sugar_cane":1,"minecraft:blue_bed":1,"minecraft:wall_torch":5,"minecraft:air":83,"minecraft:purple_bed":2,"minecraft:coarse_dirt":2,"minecraft:wheat":2,"minecraft:wither_rose":1,"minecraft:stone_brick_stairs":1,"minecraft:grass":50,"minecraft:dirt":40,"minecraft:sand":1,"minecraft:cobweb":12,"villagersplus:alchemist_table":1,"minecraft:cracked_stone_bricks":1,"minecraft:potted_red_tulip":1,"minecraft:gold_ore":2,"minecraft:oak_leaves":2,"minecraft:deepslate":1,"minecraft:fern":7},"minecraft:dropped":{"minecraft:bread":41,"born_in_chaos_v1:wood_splitter_axe":1,"minecraft:porkchop":2,"minecraft:wheat_seeds":4,"minecraft:crafting_table":1,"iceandfire:armor_copper_metal_chestplate":1,"iceandfire:ectoplasm":3,"minecraft:flint":4,"minecraft:stick":54,"born_in_chaos_v1:monster_flesh":2,"minecraft:dirt":10,"dynamictrees:jungle_seed":13,"minecraft:torch":9,"born_in_chaos_v1:monster_skin":2,"immersive_armors:heavy_boots":1,"villagersplus:alchemist_table":1,"epicfight:iron_greatsword":1,"iceandfire:chared_gravel":1,"minecraft:iron_leggings":4,"minecraft:chain":10,"minecraft:gold_nugget":9,"epicfight:stone_greatsword":1,"minecraft:wither_rose":1,"minecraft:paper":1,"minecraft:blue_bed":1,"immersive_armors:heavy_leggings":1,"minecraft:stone_axe":2,"minecraft:sugar_cane":8,"minecraft:raw_copper":5,"minecraft:obsidian":2,"minecraft:tall_grass":2,"minecraft:rotten_flesh":7,"minecraft:oak_planks":32,"minecraft:iron_boots":1,"immersive_armors:heavy_chestplate":1,"justhammers:iron_hammer":1,"evilcraft:flesh_humanoid":3,"justhammers:stone_hammer":1,"immersive_armors:heavy_helmet":1,"born_in_chaos_v1:corpse_maggot":2,"minecraft:acacia_sapling":4,"minecraft:stone_pickaxe":3,"minecraft:wooden_pickaxe":2}},"DataVersion":3120}