{"stats":{"minecraft:used":{"minecraft:iron_shovel":20,"minecraft:polished_deepslate":1,"iceandfire:dragon_skull_ice":1,"minecraft:chest":1,"minecraft:shield":134,"minecraft:iron_sword":23,"minecraft:rotten_flesh":6,"minecraft:jungle_planks":9,"born_in_chaos_v1:corpse_maggot":2,"minecraft:lantern":7,"minecraft:dark_oak_slab":2,"minecraft:golden_sword":7,"minecraft:furnace":5,"epicfight:skillbook":19,"minecraft:stone_pickaxe":47,"minecraft:oak_planks":4,"minecraft:wooden_pickaxe":43,"minecraft:composter":1,"villagersplus:alchemist_table":1,"minecraft:jungle_boat":2,"iceandfire:frozen_dirt":4,"minecraft:sand":1,"minecraft:birch_slab":1,"minecraft:melon_slice":2,"minecraft:bread":212,"minecraft:gravel":16,"iceandfire:ice_dragon_flesh":1,"born_in_chaos_v1:rotten_fish":1,"iceandfire:dragon_skull_fire":2,"minecraft:chain":1,"minecraft:oak_boat":5,"minecraft:cobweb":14,"iceandfire:silver_sword":4,"minecraft:acacia_log":1,"quark:jungle_chest":11,"minecraft:spruce_planks":2,"minecraft:torch":16,"minecraft:dirt":12,"minecraft:brewing_stand":1,"minecraft:anvil":1,"minecraft:dark_oak_planks":4,"minecraft:wooden_axe":223,"epicfight:iron_greatsword":421,"minecraft:bookshelf":1,"minecraft:rooted_dirt":3,"minecraft:iron_axe":398,"minecraft:oak_stairs":1,"iceandfire:dragon_ice":3,"evilcraft:flesh_humanoid":1,"epicfight:stone_greatsword":144,"minecraft:acacia_wood":1,"comforts:sleeping_bag_white":7,"minecraft:cooked_beef":2,"minecraft:pumpkin":4,"minecraft:iron_leggings":1,"minecraft:cooked_mutton":1,"minecraft:water_bucket":22,"iceandfire:fire_dragon_flesh":11,"minecraft:glass_bottle":1,"minecraft:cobblestone_slab":1,"minecraft:mossy_cobblestone":1,"minecraft:oak_slab":1,"minecraft:crafting_table":12,"minecraft:campfire":2,"minecraft:cod":3,"justhammers:iron_hammer":212,"minecraft:iron_pickaxe":254,"iceandfire:cyclops_skull":2,"iceandfire:ash":2,"justhammers:stone_hammer":85,"minecraft:stone_axe":82,"minecraft:purple_bed":2,"minecraft:cobblestone":31,"minecraft:potion":3,"travelersbackpack:standard":16,"minecraft:cooked_porkchop":2,"minecraft:bucket":28,"quark:oak_chest":1,"epicfight:uchigatana":2},"minecraft:mined":{"minecraft:red_nether_brick_slab":1,"minecraft:andesite_stairs":1,"minecraft:cobblestone_stairs":1,"minecraft:grass_block":18,"minecraft:composter":1,"minecraft:spawner":6,"minecraft:red_stained_glass_pane":4,"minecraft:iron_ore":11,"minecraft:fire":5,"minecraft:pumpkin":7,"minecraft:nether_brick_stairs":1,"minecraft:green_stained_glass":1,"iceandfire:gold_pile":149,"minecraft:oak_stairs":2,"dynamictrees:jungle_undergrowth_leaves":10,"minecraft:red_bed":1,"minecraft:yellow_banner":1,"minecraft:note_block":2,"iceandfire:dragon_ice_spikes":35,"minecraft:torch":6,"minecraft:blast_furnace":1,"minecraft:calcite":1,"minecraft:chest":1,"minecraft:dead_bush":5,"iceandfire:frozen_dirt":6,"dynamictrees:jungle_branch":168,"minecraft:cobblestone":2,"minecraft:sugar_cane":6,"minecraft:wall_torch":5,"minecraft:skeleton_skull":11,"minecraft:dark_oak_slab":2,"minecraft:wheat":2,"minecraft:stone_brick_stairs":1,"minecraft:wither_rose":1,"minecraft:grass":66,"minecraft:sand":9,"minecraft:dirt":50,"villagersplus:alchemist_table":1,"minecraft:potted_red_tulip":1,"minecraft:deepslate":1,"minecraft:oak_leaves":8,"iceandfire:silver_ore":2,"minecraft:mossy_cobblestone":1,"minecraft:gray_stained_glass_pane":2,"minecraft:spruce_fence":2,"minecraft:jungle_planks":1,"quark:jungle_chest":3,"minecraft:birch_slab":1,"iceandfire:dragon_ice":2,"minecraft:moss_block":3,"iceandfire:chared_grass":1,"minecraft:hay_block":40,"dynamictrees:oak_leaves":9,"minecraft:oak_trapdoor":2,"minecraft:furnace":2,"dynamictrees:oak_undergrowth_leaves":7,"quark:orange_corundum":1,"iceandfire:chared_gravel":1,"minecraft:polished_deepslate":1,"dynamictrees:oak_branch":226,"minecraft:lantern":6,"minecraft:stone":49,"minecraft:bone_block":1,"minecraft:oak_slab":1,"minecraft:acacia_leaves":5,"quark:oak_chest":1,"minecraft:brown_stained_glass_pane":1,"minecraft:oak_fence":3,"iceandfire:frozen_gravel":2,"minecraft:crafting_table":5,"minecraft:campfire":2,"minecraft:stone_slab":1,"minecraft:tall_grass":14,"minecraft:deepslate_gold_ore":4,"minecraft:blue_bed":1,"minecraft:air":146,"minecraft:purple_bed":2,"minecraft:coarse_dirt":2,"minecraft:cobblestone_wall":1,"minecraft:spruce_log":1,"iceandfire:ash":1,"minecraft:bee_nest":1,"iceandfire:silver_pile":6,"evilcraft:blood_stain":1,"minecraft:gravel":25,"minecraft:gray_carpet":1,"minecraft:cobweb":12,"minecraft:cracked_stone_bricks":1,"minecraft:stone_bricks":3,"minecraft:mossy_stone_bricks":2,"minecraft:gold_ore":2,"minecraft:fern":7,"minecraft:dark_oak_planks":4},"minecraft:picked_up":{"minecraft:wooden_axe":1,"quark:orange_corundum":1,"minecraft:yellow_wool":3,"minecraft:stone_slab":1,"minecraft:oak_stairs":1,"minecraft:wither_rose":1,"minecraft:enchanted_book":1,"minecraft:stone_brick_stairs":2,"minecraft:golden_sword":1,"minecraft:polished_deepslate":1,"iceandfire:manuscript":6,"minecraft:string":24,"minecraft:raw_copper":5,"minecraft:iron_leggings":5,"minecraft:sticky_piston":10,"minecraft:gold_nugget":2198,"minecraft:cobbled_deepslate":261,"minecraft:bucket":1,"comforts:sleeping_bag_white":8,"minecraft:spruce_planks":24,"minecraft:rose_bush":1,"minecraft:cobblestone_slab":1,"minecraft:calcite":1,"minecraft:iron_pickaxe":1,"dynamictrees:oak_seed":5,"iceandfire:frozen_gravel":2,"minecraft:melon_slice":2,"iceandfire:dragonscales_red":15,"minecraft:iron_boots":1,"minecraft:furnace":2,"minecraft:tipped_arrow":1,"minecraft:stick":160,"minecraft:composter":1,"minecraft:oak_fence":3,"minecraft:torch":12,"minecraft:acacia_log":1,"iceandfire:dragonscales_white":19,"iceandfire:silver_ore":3,"epicfight:skillbook":7,"minecraft:porkchop":9,"minecraft:golden_axe":1,"minecraft:honeycomb_block":1,"minecraft:yellow_banner":1,"minecraft:stone_sword":5,"minecraft:rotten_flesh":64,"iceandfire:fire_dragon_heart":5,"minecraft:red_tulip":1,"villagersplus:alchemist_table":2,"minecraft:cod":3,"minecraft:cobblestone":412,"minecraft:leather_chestplate":1,"minecraft:birch_slab":1,"minecraft:water_bucket":2,"minecraft:jungle_log":68,"minecraft:potato":3,"minecraft:tuff":93,"evilcraft:flesh_humanoid":12,"minecraft:dirt":71,"iceandfire:dragonscales_bronze":14,"minecraft:lantern":6,"born_in_chaos_v1:monster_skin":2,"minecraft:bone":101,"minecraft:acacia_planks":2,"epicfight:iron_greatsword":1,"minecraft:bow":1,"minecraft:wheat_seeds":31,"minecraft:raw_gold":23,"dungeons_mobs:necromancer_staff":1,"minecraft:mossy_stone_bricks":16,"minecraft:moss_block":5,"minecraft:oak_planks":48,"justhammers:iron_hammer":1,"iceandfire:dragon_skull_fire":5,"minecraft:sand":8,"minecraft:jungle_planks":2,"minecraft:nether_brick_stairs":1,"iceandfire:frozen_dirt":12,"naturalist:duck_egg":2,"minecraft:mossy_cobblestone":5,"minecraft:diamond":20,"iceandfire:dragon_ice":9,"minecraft:crossbow":1,"minecraft:granite":1,"minecraft:golden_apple":1,"minecraft:emerald":4,"minecraft:bread":13,"iceandfire:gorgon_head":3,"minecraft:rooted_dirt":3,"born_in_chaos_v1:rotten_fish":2,"iceandfire:silver_nugget":120,"iceandfire:dragon_skull_lightning":1,"minecraft:coarse_dirt":2,"minecraft:charcoal":2,"minecraft:crafting_table":6,"minecraft:ladder":1,"born_in_chaos_v1:seedof_chaos":3,"minecraft:wooden_pickaxe":1,"iceandfire:frozen_cobblestone":2,"minecraft:chain":3,"minecraft:cornflower":1,"minecraft:oak_trapdoor":2,"iceandfire:frozen_stone":1,"minecraft:iron_axe":1,"minecraft:cracked_stone_bricks":13,"minecraft:beef":4,"minecraft:oak_boat":1,"minecraft:iron_nugget":7,"minecraft:sugar_cane":18,"iceandfire:ice_dragon_heart":2,"quark:orange_corundum_cluster":3,"minecraft:raw_iron":24,"iceandfire:dragonbone":87,"iceandfire:dragonscales_gray":47,"iceandfire:dragonscales_green":10,"artifacts:charm_of_sinking":1,"iceandfire:chared_grass":1,"evilcraft:origins_of_darkness":1,"minecraft:note_block":2,"quark:jungle_chest":3,"minecraft:fire_charge":2,"born_in_chaos_v1:pieceofdarkmetal":6,"minecraft:dark_oak_planks":4,"iceandfire:dragon_skull_ice":2,"iceandfire:silver_ingot":2,"minecraft:arrow":25,"born_in_chaos_v1:wood_splitter_axe":1,"minecraft:hay_block":40,"minecraft:saddle":1,"minecraft:gold_ingot":9,"minecraft:mutton":27,"minecraft:bone_block":3,"minecraft:skeleton_skull":11,"minecraft:white_wool":9,"born_in_chaos_v1:fused_bone":5,"born_in_chaos_v1:corpse_maggot":22,"minecraft:jungle_boat":1,"iceandfire:sea_serpent_fang":10,"born_in_chaos_v1:monster_flesh":3,"minecraft:glow_ink_sac":5,"minecraft:leather":5,"minecraft:acacia_wood":1,"minecraft:mushroom_stew":3,"minecraft:oak_log":11,"iceandfire:ectoplasm":4,"minecraft:cobblestone_wall":1,"minecraft:gunpowder":7,"minecraft:cobblestone_stairs":1,"iceandfire:dragonscales_blue":16,"minecraft:blue_bed":1,"quark:forgotten_hat":1,"minecraft:cooked_mutton":1,"minecraft:stone_bricks":354,"minecraft:apple":1,"minecraft:gray_carpet":4,"minecraft:iron_ingot":25,"dynamictrees:birch_seed":1,"minecraft:stone_pickaxe":1,"minecraft:cobweb":17,"minecraft:glass_bottle":5,"minecraft:polished_andesite_slab":2,"iceandfire:fire_dragon_flesh":14,"minecraft:book":6,"minecraft:polished_andesite_stairs":1,"minecraft:oak_slab":1,"minecraft:dark_oak_slab":3,"endrem:black_eye":2,"minecraft:pumpkin":7,"epicfight:stone_greatsword":2,"iceandfire:ash":9,"born_in_chaos_v1:ethereal_spirit":5,"minecraft:gravel":21,"iceandfire:cyclops_skull":2,"epicfight:uchigatana":1,"minecraft:blast_furnace":1,"minecraft:spruce_log":2,"minecraft:spider_eye":5,"minecraft:leather_helmet":1,"minecraft:purple_bed":2,"minecraft:slime_ball":1,"minecraft:stone_axe":1,"dynamictrees:jungle_seed":13,"minecraft:diamond_axe":1,"iceandfire:ice_dragon_flesh":2,"minecraft:red_nether_brick_slab":1,"minecraft:melon_seeds":1,"minecraft:black_wool":1,"iceandfire:chared_gravel":1,"minecraft:coal":27,"minecraft:ender_pearl":1,"minecraft:sunflower":1},"minecraft:killed":{"born_in_chaos_v1:zombie_clown":3,"naturalist:rattlesnake":1,"minecraft:cave_spider":5,"born_in_chaos_v1:zombie_lumberjack":4,"born_in_chaos_v1:skeleton_demoman":1,"iceandfire:gorgon":2,"minecraft:spider":4,"born_in_chaos_v1:siamese_skeletonsright":2,"born_in_chaos_v1:baby_skeleton_minion":2,"born_in_chaos_v1:scarlet_persecutor":4,"minecraft:skeleton":27,"minecraft:turtle":2,"born_in_chaos_v1:bonescaller":1,"minecraft:pig":5,"dungeons_mobs:wraith":2,"minecraft:creeper":5,"dungeons_mobs:jungle_zombie":2,"naturalist:rhino":1,"minecraft:sheep":11,"minecraft:zombie":37,"born_in_chaos_v1:dread_hound":1,"born_in_chaos_v1:corpse_fly":21,"minecraft:glow_squid":1,"born_in_chaos_v1:door_knight":2,"iceandfire:sea_serpent":1,"born_in_chaos_v1:siamese_skeletonsleft":3,"minecraft:cow":3,"quark:toretoise":1,"born_in_chaos_v1:zombie_bruiser":1,"born_in_chaos_v1:maggot":5,"iceandfire:fire_dragon":4,"dungeons_mobs:frozen_zombie":1,"minecraft:drowned":3,"born_in_chaos_v1:corpse_fish":1,"born_in_chaos_v1:barrel_zombie":1,"born_in_chaos_v1:fallen_chaos_knight":2,"born_in_chaos_v1:baby_skeleton":1,"born_in_chaos_v1:swarmer":1,"born_in_chaos_v1:decrepit_skeleton":7,"iceandfire:ghost":3,"dungeons_mobs:necromancer":1,"iceandfire:ice_dragon":1,"minecraft:villager":1},"minecraft:broken":{"minecraft:stone_pickaxe":1,"justhammers:stone_hammer":1,"immersive_armors:heavy_helmet":1,"minecraft:stone_axe":1,"minecraft:wooden_axe":3,"epicfight:iron_greatsword":1,"minecraft:shield":1,"immersive_armors:heavy_boots":1,"minecraft:iron_pickaxe":1},"minecraft:crafted":{"minecraft:oak_planks":44,"iceandfire:banner_pattern_fire":1,"minecraft:stone":6,"minecraft:cooked_mutton":4,"immersive_armors:heavy_boots":2,"minecraft:chest":1,"minecraft:cooked_porkchop":2,"minecraft:crafting_table":8,"immersive_armors:heavy_chestplate":2,"minecraft:jungle_boat":2,"minecraft:wooden_pickaxe":2,"minecraft:campfire":2,"minecraft:charcoal":8,"minecraft:shield":3,"quark:oak_chest":1,"minecraft:iron_ingot":36,"minecraft:iron_pickaxe":1,"minecraft:iron_block":27,"minecraft:gold_ingot":296,"immersive_armors:heavy_helmet":2,"comforts:sleeping_bag_white":2,"iceandfire:dragon_stick":2,"quark:jungle_chest":8,"minecraft:furnace":3,"minecraft:bone_meal":27,"minecraft:iron_axe":1,"epicfight:iron_greatsword":2,"minecraft:stone_pickaxe":3,"minecraft:wheat":621,"minecraft:cooked_beef":2,"immersive_armors:heavy_leggings":2,"minecraft:stone_axe":2,"minecraft:bread":207,"minecraft:air":0,"minecraft:jungle_planks":216,"minecraft:oak_boat":1,"iceandfire:bestiary":1,"minecraft:white_wool":3,"justhammers:stone_hammer":2,"minecraft:wooden_axe":3,"minecraft:anvil":1,"minecraft:torch":28},"minecraft:killed_by":{"minecraft:creeper":1,"iceandfire:siren":1,"dungeons_mobs:jungle_zombie":1,"iceandfire:sea_serpent":1,"dungeons_mobs:mossy_skeleton":2,"iceandfire:ice_dragon":5,"born_in_chaos_v1:scarlet_persecutor":1,"iceandfire:fire_dragon":13,"minecraft:player":7,"born_in_chaos_v1:fallen_chaos_knight":1,"born_in_chaos_v1:bonescaller":1,"iceandfire:gorgon":4,"minecraft:skeleton":3,"born_in_chaos_v1:door_knight":1},"minecraft:custom":{"minecraft:interact_with_crafting_table":80,"minecraft:open_barrel":7,"minecraft:bell_ring":7,"minecraft:leave_game":21,"minecraft:time_since_death":13037,"minecraft:sprint_one_cm":1474179,"minecraft:damage_blocked_by_shield":1394,"minecraft:drop":354,"minecraft:play_noteblock":3,"minecraft:talked_to_villager":2,"minecraft:play_time":546554,"minecraft:deaths":45,"minecraft:jump":5997,"minecraft:interact_with_brewingstand":1,"minecraft:walk_on_water_one_cm":91664,"minecraft:interact_with_furnace":38,"minecraft:sleep_in_bed":11,"minecraft:damage_dealt":56213,"minecraft:player_kills":4,"minecraft:crouch_one_cm":72952,"minecraft:interact_with_anvil":4,"minecraft:mob_kills":197,"minecraft:damage_dealt_resisted":2382,"minecraft:climb_one_cm":8955,"minecraft:walk_one_cm":2255222,"minecraft:damage_dealt_absorbed":414,"minecraft:sneak_time":15323,"minecraft:walk_under_water_one_cm":60674,"minecraft:boat_one_cm":95168,"minecraft:interact_with_blast_furnace":3,"minecraft:total_world_time":546554,"minecraft:tune_noteblock":9,"minecraft:time_since_rest":13173,"minecraft:damage_taken":2147483647,"minecraft:trigger_trapped_chest":2,"minecraft:swim_one_cm":43969,"minecraft:fly_one_cm":1526752,"minecraft:open_chest":409,"minecraft:fall_one_cm":164941},"minecraft:dropped":{"minecraft:nether_brick_stairs":1,"minecraft:porkchop":2,"minecraft:diamond_axe":1,"minecraft:cooked_beef":2,"minecraft:golden_pickaxe":1,"minecraft:glass_bottle":7,"minecraft:crafting_table":1,"minecraft:dark_oak_slab":1,"minecraft:crossbow":2,"iceandfire:ice_dragon_flesh":1,"iceandfire:ectoplasm":3,"iceandfire:gorgon_head":1,"travelersbackpack:standard":1,"minecraft:leather_helmet":1,"minecraft:flint":4,"born_in_chaos_v1:monster_flesh":2,"minecraft:dirt":24,"dynamictrees:jungle_seed":13,"born_in_chaos_v1:monster_skin":2,"minecraft:cornflower":1,"iceandfire:armor_silver_metal_leggings":1,"immersive_armors:heavy_boots":1,"villagersplus:alchemist_table":1,"iceandfire:chared_gravel":1,"artifacts:charm_of_sinking":1,"minecraft:chain":11,"minecraft:gold_nugget":12,"minecraft:sunflower":1,"iceandfire:ash":7,"minecraft:sand":7,"minecraft:blue_bed":1,"minecraft:bone":21,"minecraft:gravel":5,"immersive_armors:heavy_leggings":1,"minecraft:stone_axe":2,"minecraft:sugar_cane":18,"minecraft:polished_andesite_slab":2,"minecraft:iron_nugget":7,"minecraft:yellow_wool":3,"minecraft:wheat":4,"minecraft:obsidian":2,"minecraft:rotten_flesh":23,"minecraft:oak_planks":32,"justhammers:iron_hammer":3,"evilcraft:flesh_humanoid":8,"minecraft:leather_chestplate":1,"justhammers:stone_hammer":1,"minecraft:gunpowder":7,"born_in_chaos_v1:corpse_maggot":6,"iceandfire:bestiary":1,"minecraft:acacia_sapling":4,"comforts:sleeping_bag_white":2,"iceandfire:chared_grass":1,"endrem:black_eye":2,"quark:orange_corundum":1,"minecraft:bread":58,"born_in_chaos_v1:wood_splitter_axe":1,"minecraft:wheat_seeds":17,"minecraft:golden_helmet":1,"minecraft:mossy_cobblestone":4,"minecraft:iron_helmet":2,"quark:orange_corundum_cluster":2,"minecraft:oak_fence":1,"iceandfire:armor_copper_metal_chestplate":1,"minecraft:golden_axe":2,"minecraft:cobblestone":2,"minecraft:book":5,"iceandfire:dragon_stick":1,"iceandfire:frozen_gravel":1,"minecraft:apple":1,"minecraft:mushroom_stew":3,"minecraft:stick":56,"minecraft:cobweb":29,"minecraft:torch":9,"minecraft:wooden_axe":1,"epicfight:iron_greatsword":2,"iceandfire:armor_silver_metal_chestplate":1,"minecraft:iron_leggings":4,"minecraft:polished_andesite_stairs":1,"minecraft:pumpkin":3,"epicfight:stone_greatsword":1,"minecraft:wither_rose":1,"minecraft:iron_axe":1,"minecraft:paper":1,"minecraft:string":9,"minecraft:bucket":2,"minecraft:gray_carpet":4,"iceandfire:dragonbone":1,"minecraft:stone_sword":5,"minecraft:cobblestone_wall":1,"minecraft:raw_copper":5,"minecraft:sticky_piston":10,"minecraft:tall_grass":2,"minecraft:iron_boots":4,"minecraft:stone_slab":1,"immersive_armors:heavy_chestplate":1,"minecraft:shears":1,"minecraft:potato":3,"immersive_armors:heavy_helmet":1,"minecraft:shield":2,"minecraft:spruce_planks":22,"minecraft:mossy_stone_bricks":2,"minecraft:golden_sword":2,"minecraft:spider_eye":4,"minecraft:stone_bricks":3,"minecraft:bow":1,"minecraft:stone_pickaxe":3,"minecraft:wooden_pickaxe":3,"epicfight:skillbook":2}},"DataVersion":3120}