{"stats":{"minecraft:dropped":{"minecraft:bread":15,"minecraft:stone_axe":2,"minecraft:wheat_seeds":4,"minecraft:tall_grass":2,"minecraft:stick":18,"justhammers:stone_hammer":1,"minecraft:torch":9,"minecraft:acacia_sapling":4,"minecraft:wooden_pickaxe":1,"minecraft:stone_pickaxe":2},"minecraft:picked_up":{"minecraft:coarse_dirt":2,"born_in_chaos_v1:corpse_maggot":2,"minecraft:charcoal":2,"minecraft:crafting_table":5,"minecraft:jungle_boat":1,"minecraft:ladder":1,"minecraft:jungle_log":67,"evilcraft:flesh_humanoid":1,"minecraft:chain":2,"iceandfire:manuscript":6,"minecraft:dirt":41,"minecraft:string":2,"minecraft:raw_copper":5,"minecraft:iron_leggings":3,"minecraft:bone":5,"minecraft:wheat_seeds":7,"minecraft:gold_nugget":10,"minecraft:iron_ingot":15,"dynamictrees:oak_seed":2,"minecraft:melon_slice":2,"minecraft:moss_block":5,"minecraft:iron_boots":1,"minecraft:furnace":2,"minecraft:book":1,"minecraft:tipped_arrow":1,"minecraft:stick":97,"minecraft:raw_iron":5,"minecraft:torch":11,"iceandfire:silver_ore":2,"minecraft:porkchop":3,"minecraft:spider_eye":1,"minecraft:rotten_flesh":14,"minecraft:stone_axe":1,"dynamictrees:jungle_seed":13,"minecraft:hay_block":21,"minecraft:rooted_dirt":3,"born_in_chaos_v1:rotten_fish":1,"minecraft:coal":27,"minecraft:cobblestone":392},"minecraft:mined":{"iceandfire:silver_ore":1,"minecraft:crafting_table":5,"minecraft:torch":6,"minecraft:grass_block":5,"minecraft:dead_bush":2,"minecraft:campfire":2,"dynamictrees:jungle_branch":168,"minecraft:tall_grass":3,"minecraft:moss_block":3,"minecraft:wall_torch":4,"minecraft:air":39,"minecraft:hay_block":21,"minecraft:coarse_dirt":2,"minecraft:furnace":2,"dynamictrees:oak_undergrowth_leaves":7,"minecraft:iron_ore":1,"minecraft:grass":40,"minecraft:dirt":38,"dynamictrees:jungle_undergrowth_leaves":10,"minecraft:stone":46,"minecraft:fern":7},"minecraft:crafted":{"minecraft:cooked_porkchop":2,"minecraft:crafting_table":2,"minecraft:jungle_boat":1,"minecraft:wooden_pickaxe":2,"minecraft:furnace":1,"minecraft:stone":6,"minecraft:campfire":2,"minecraft:stone_axe":2,"minecraft:jungle_planks":160,"minecraft:bread":63,"minecraft:air":0,"minecraft:charcoal":8,"justhammers:stone_hammer":2,"minecraft:iron_ingot":7,"minecraft:stone_pickaxe":3,"minecraft:wooden_axe":3,"minecraft:torch":12,"minecraft:wheat":189},"minecraft:used":{"minecraft:stone_pickaxe":29,"minecraft:wooden_pickaxe":24,"minecraft:rotten_flesh":6,"minecraft:jungle_boat":1,"minecraft:torch":14,"minecraft:dirt":6,"minecraft:crafting_table":6,"minecraft:campfire":2,"born_in_chaos_v1:corpse_maggot":2,"minecraft:wooden_axe":223,"minecraft:bread":16,"minecraft:melon_slice":2,"minecraft:rooted_dirt":3,"justhammers:stone_hammer":85,"minecraft:stone_axe":76,"minecraft:furnace":3,"minecraft:cooked_porkchop":2},"minecraft:killed_by":{"born_in_chaos_v1:bonescaller":1,"minecraft:player":2,"minecraft:skeleton":2,"dungeons_mobs:jungle_zombie":1,"born_in_chaos_v1:fallen_chaos_knight":1,"born_in_chaos_v1:door_knight":1,"iceandfire:fire_dragon":5,"dungeons_mobs:mossy_skeleton":2},"minecraft:custom":{"minecraft:interact_with_furnace":15,"minecraft:mob_kills":20,"minecraft:interact_with_crafting_table":26,"minecraft:damage_dealt_resisted":14,"minecraft:leave_game":5,"minecraft:time_since_death":9846,"minecraft:climb_one_cm":1718,"minecraft:time_since_rest":9979,"minecraft:sprint_one_cm":253880,"minecraft:damage_taken":4963,"minecraft:walk_one_cm":376608,"minecraft:drop":38,"minecraft:damage_dealt":3669,"minecraft:damage_dealt_absorbed":212,"minecraft:swim_one_cm":4399,"minecraft:fly_one_cm":258587,"minecraft:player_kills":2,"minecraft:open_chest":11,"minecraft:crouch_one_cm":9694,"minecraft:play_time":94521,"minecraft:deaths":15,"minecraft:sneak_time":2143,"minecraft:walk_under_water_one_cm":14635,"minecraft:boat_one_cm":59113,"minecraft:jump":1032,"minecraft:walk_on_water_one_cm":10101,"minecraft:total_world_time":94521,"minecraft:fall_one_cm":18027},"minecraft:broken":{"justhammers:stone_hammer":1,"minecraft:wooden_axe":3},"minecraft:killed":{"born_in_chaos_v1:zombie_clown":1,"naturalist:rattlesnake":1,"minecraft:pig":1,"minecraft:spider":1,"dungeons_mobs:jungle_zombie":2,"born_in_chaos_v1:decrepit_skeleton":3,"minecraft:zombie":4,"born_in_chaos_v1:corpse_fly":5}},"DataVersion":3120}