{"stats":{"minecraft:broken":{"minecraft:leather_chestplate":1,"justhammers:stone_hammer":1,"minecraft:stone_axe":1},"minecraft:picked_up":{"minecraft:charcoal":2,"minecraft:coarse_dirt":2,"minecraft:clay_ball":3,"born_in_chaos_v1:seedof_chaos":1,"minecraft:wooden_pickaxe":1,"minecraft:stone_brick_stairs":1,"minecraft:fire_coral":1,"minecraft:string":3,"minecraft:acacia_door":2,"born_in_chaos_v1:intoxicating_decoction":1,"minecraft:experience_bottle":10,"minecraft:cracked_stone_bricks":1,"minecraft:cobbled_deepslate":65,"minecraft:gold_nugget":197,"minecraft:spruce_planks":10,"minecraft:andesite_stairs":1,"dynamictrees:oak_seed":2,"minecraft:melon_slice":13,"minecraft:sugar_cane":16,"minecraft:chest":1,"minecraft:tipped_arrow":1,"minecraft:stick":44,"minecraft:raw_iron":7,"iceandfire:crackled_dirt":1,"minecraft:copper_ingot":14,"minecraft:spruce_stairs":1,"minecraft:torch":13,"minecraft:acacia_log":19,"epicfight:skillbook":3,"minecraft:porkchop":8,"minecraft:honeycomb_block":1,"born_in_chaos_v1:nightmare_claw":2,"born_in_chaos_v1:pieceofdarkmetal":16,"minecraft:prismarine_crystals":4,"minecraft:dark_oak_planks":1,"minecraft:cauldron":1,"quark:ancient_tome":1,"minecraft:orange_bed":2,"minecraft:rotten_flesh":39,"minecraft:arrow":7,"minecraft:tropical_fish":1,"born_in_chaos_v1:wood_splitter_axe":3,"iceandfire:chared_dirt":1,"iceandfire:crackled_grass":2,"minecraft:gold_ingot":3,"minecraft:obsidian":8,"minecraft:cobblestone":359,"born_in_chaos_v1:fused_bone":2,"minecraft:birch_log":2,"born_in_chaos_v1:corpse_maggot":20,"immersive_armors:heavy_helmet":1,"minecraft:cooked_beef":3,"immersive_armors:heavy_leggings":1,"born_in_chaos_v1:monster_flesh":2,"minecraft:jungle_log":2,"minecraft:potato":2,"minecraft:packed_mud":2,"minecraft:flint":4,"minecraft:tuff":14,"minecraft:oak_log":4,"evilcraft:flesh_humanoid":1,"minecraft:gunpowder":1,"iceandfire:armor_copper_metal_helmet":1,"minecraft:dirt":134,"born_in_chaos_v1:monster_skin":2,"minecraft:bone":15,"minecraft:acacia_planks":55,"immersive_armors:heavy_chestplate":1,"epicfight:iron_greatsword":1,"minecraft:wheat_seeds":26,"minecraft:iron_ingot":11,"dynamictrees:birch_seed":1,"minecraft:stone_pickaxe":3,"minecraft:tall_grass":2,"minecraft:glass_bottle":1,"minecraft:moss_block":6,"minecraft:oak_planks":16,"minecraft:iron_sword":1,"minecraft:acacia_sapling":2,"iceandfire:crackled_cobblestone":1,"minecraft:polished_andesite_stairs":1,"iceandfire:copper_nugget":5,"epicfight:stone_greatsword":4,"born_in_chaos_v1:ethereal_spirit":6,"minecraft:poisonous_potato":1,"justhammers:iron_hammer":1,"minecraft:sand":5,"dynamictrees:acacia_seed":1,"justhammers:stone_hammer":2,"minecraft:dark_oak_log":1,"quark:oak_chest":1,"minecraft:barrel":2,"minecraft:spider_eye":2,"minecraft:stone_axe":2,"iceandfire:crackled_stone":1,"dynamictrees:jungle_seed":8,"minecraft:iron_helmet":1,"immersive_armors:heavy_boots":1,"minecraft:bread":43,"minecraft:rooted_dirt":3,"minecraft:oak_sapling":5,"minecraft:coal":73},"minecraft:crafted":{"minecraft:oak_planks":16,"minecraft:stone_pickaxe":1,"minecraft:crafting_table":3,"minecraft:spruce_planks":12,"epicfight:stone_greatsword":3,"minecraft:stick":24,"minecraft:acacia_planks":76},"minecraft:mined":{"minecraft:dark_oak_planks":1,"minecraft:tuff":1,"minecraft:dark_oak_log":1,"minecraft:gray_stained_glass_pane":3,"iceandfire:crackled_gravel":2,"minecraft:ladder":1,"minecraft:granite":3,"minecraft:acacia_log":18,"minecraft:grass_block":30,"minecraft:jungle_planks":1,"minecraft:moss_block":9,"minecraft:rooted_dirt":6,"minecraft:spawner":2,"iceandfire:crackled_cobblestone":1,"minecraft:tall_seagrass":1,"minecraft:cobbled_deepslate":1,"minecraft:packed_mud":1,"dynamictrees:oak_undergrowth_leaves":16,"minecraft:iron_ore":2,"minecraft:fire":22,"dynamictrees:rooty_grass_block":2,"iceandfire:crackled_grass":2,"minecraft:deepslate_iron_ore":3,"iceandfire:crackled_dirt":1,"minecraft:water_cauldron":1,"iceandfire:gold_pile":15,"minecraft:vine":1,"dynamictrees:jungle_undergrowth_leaves":8,"minecraft:stone":79,"minecraft:torch":2,"dynamictrees:acacia_leaves":5,"minecraft:polished_andesite_stairs":1,"minecraft:melon":3,"minecraft:white_stained_glass_pane":4,"minecraft:tall_grass":6,"dynamictrees:jungle_branch":110,"minecraft:honeycomb_block":1,"minecraft:wall_torch":1,"minecraft:air":27,"minecraft:spruce_stairs":1,"minecraft:coarse_dirt":2,"iceandfire:crackled_stone":1,"minecraft:grass":84,"minecraft:coal_ore":15,"dynamictrees:rooty_moss_block":1,"minecraft:acacia_door":2,"minecraft:sand":3,"minecraft:dirt":78,"minecraft:oak_leaves":46,"minecraft:deepslate":3,"minecraft:fern":22},"minecraft:killed":{"born_in_chaos_v1:zombie_lumberjack":1,"born_in_chaos_v1:restless_spirit":1,"minecraft:spider":2,"born_in_chaos_v1:zombie_bruiser":1,"quark:forgotten":1,"born_in_chaos_v1:maggot":11,"minecraft:skeleton":3,"born_in_chaos_v1:skeleton_thrasher":1,"minecraft:drowned":1,"born_in_chaos_v1:barrel_zombie":2,"born_in_chaos_v1:fallen_chaos_knight":1,"minecraft:pig":2,"naturalist:bear":1,"dungeons_mobs:jungle_zombie":3,"born_in_chaos_v1:decrepit_skeleton":1,"born_in_chaos_v1:decaying_zombie":1,"minecraft:zombie":20,"iceandfire:ghost":2,"born_in_chaos_v1:corpse_fly":4,"born_in_chaos_v1:nightmare_stalker":1},"minecraft:custom":{"minecraft:mob_kills":56,"minecraft:interact_with_crafting_table":16,"minecraft:open_barrel":4,"minecraft:bell_ring":11,"minecraft:damage_dealt_resisted":766,"minecraft:leave_game":7,"minecraft:time_since_death":62222,"minecraft:climb_one_cm":12353,"minecraft:sprint_one_cm":439069,"minecraft:walk_one_cm":1235489,"minecraft:drop":186,"minecraft:damage_dealt_absorbed":349,"minecraft:talked_to_villager":1,"minecraft:play_time":227389,"minecraft:deaths":14,"minecraft:sneak_time":2913,"minecraft:walk_under_water_one_cm":56438,"minecraft:boat_one_cm":93943,"minecraft:jump":3032,"minecraft:walk_on_water_one_cm":45914,"minecraft:total_world_time":227389,"minecraft:interact_with_furnace":3,"minecraft:interact_with_cartography_table":1,"minecraft:sleep_in_bed":4,"minecraft:time_since_rest":18953,"minecraft:damage_taken":8371,"minecraft:trigger_trapped_chest":2,"minecraft:damage_dealt":10633,"minecraft:swim_one_cm":16603,"minecraft:fly_one_cm":869603,"minecraft:player_kills":3,"minecraft:open_chest":85,"minecraft:crouch_one_cm":5992,"minecraft:interact_with_smoker":2,"minecraft:fall_one_cm":100831},"minecraft:killed_by":{"minecraft:player":2,"born_in_chaos_v1:nightmare_stalker":1,"minecraft:creeper":1,"born_in_chaos_v1:fallen_chaos_knight":1,"born_in_chaos_v1:barrel_zombie":1,"dungeons_mobs:mossy_skeleton":2,"born_in_chaos_v1:bonescaller":1,"iceandfire:fire_dragon":4},"minecraft:used":{"minecraft:moss_block":1,"minecraft:tropical_fish":1,"born_in_chaos_v1:intoxicating_decoction":1,"minecraft:chest":1,"minecraft:orange_bed":1,"minecraft:torch":8,"minecraft:dirt":37,"iceandfire:copper_sword":32,"minecraft:tuff":13,"born_in_chaos_v1:corpse_maggot":8,"epicfight:iron_greatsword":22,"minecraft:iron_axe":28,"minecraft:rooted_dirt":3,"evilcraft:flesh_humanoid":1,"epicfight:stone_greatsword":63,"minecraft:barrel":1,"minecraft:cobbled_deepslate":3,"minecraft:cooked_beef":3,"minecraft:potato":13,"minecraft:acacia_planks":10,"epicfight:skillbook":4,"minecraft:stone_pickaxe":92,"minecraft:wooden_pickaxe":46,"minecraft:cauldron":1,"minecraft:crafting_table":2,"justhammers:iron_hammer":14,"minecraft:acacia_door":2,"born_in_chaos_v1:monster_flesh":1,"minecraft:bread":72,"minecraft:melon_slice":11,"dynamictrees:acacia_seed":1,"justhammers:stone_hammer":98,"minecraft:stone_axe":165,"minecraft:cobblestone":162,"born_in_chaos_v1:wood_splitter_axe":21,"quark:oak_chest":1,"minecraft:coarse_dirt":2},"minecraft:dropped":{"minecraft:iron_ingot":17,"minecraft:bread":4,"born_in_chaos_v1:wood_splitter_axe":2,"minecraft:moss_block":5,"minecraft:wheat_seeds":25,"dynamictrees:birch_seed":1,"minecraft:glass_bottle":2,"minecraft:diamond":2,"minecraft:poisonous_potato":1,"iceandfire:chared_dirt":2,"minecraft:cobblestone":21,"minecraft:book":1,"minecraft:granite":1,"iceandfire:ectoplasm":1,"minecraft:cracked_stone_bricks":1,"minecraft:copper_ingot":7,"born_in_chaos_v1:monster_flesh":1,"minecraft:stick":55,"minecraft:flint":4,"minecraft:packed_mud":2,"minecraft:cobweb":2,"minecraft:dirt":86,"dynamictrees:jungle_seed":8,"born_in_chaos_v1:monster_skin":2,"iceandfire:crackled_dirt":1,"minecraft:torch":1,"minecraft:melon_slice":2,"born_in_chaos_v1:fused_bone":2,"minecraft:iron_leggings":3,"minecraft:chain":2,"minecraft:gold_nugget":582,"iceandfire:crackled_grass":2,"epicfight:stone_greatsword":5,"minecraft:sand":5,"minecraft:orange_bed":1,"minecraft:string":1,"minecraft:acacia_planks":2,"minecraft:gold_ingot":9,"minecraft:bone":18,"minecraft:honeycomb_block":1,"minecraft:stone_axe":1,"minecraft:sugar_cane":16,"dynamictrees:oak_seed":4,"minecraft:tall_grass":2,"minecraft:rotten_flesh":29,"minecraft:clay_ball":3,"minecraft:iron_boots":1,"justhammers:stone_hammer":1,"minecraft:potato":2,"minecraft:tipped_arrow":1,"minecraft:charcoal":2,"minecraft:fire_coral":1,"minecraft:andesite_stairs":1,"born_in_chaos_v1:corpse_maggot":12,"iceandfire:silver_ingot":2,"minecraft:leather_boots":1,"minecraft:acacia_sapling":1,"iceandfire:crackled_cobblestone":1,"minecraft:oak_sapling":5,"minecraft:spider_eye":1,"minecraft:barrel":1,"minecraft:arrow":3,"minecraft:wooden_pickaxe":1,"iceandfire:crackled_stone":1,"iceandfire:armor_copper_metal_leggings":1,"minecraft:stone_brick_stairs":1,"iceandfire:manuscript":6,"epicfight:skillbook":2}},"DataVersion":3120}