{"stats":{"minecraft:killed_by":{"born_in_chaos_v1:bonescaller":1,"minecraft:player":2,"minecraft:creeper":1,"born_in_chaos_v1:fallen_chaos_knight":1,"born_in_chaos_v1:barrel_zombie":1,"iceandfire:fire_dragon":3,"dungeons_mobs:mossy_skeleton":2},"minecraft:broken":{"minecraft:stone_axe":1},"minecraft:picked_up":{"minecraft:charcoal":2,"born_in_chaos_v1:corpse_maggot":4,"minecraft:coarse_dirt":2,"minecraft:clay_ball":3,"minecraft:wooden_pickaxe":1,"evilcraft:flesh_humanoid":1,"minecraft:dirt":86,"minecraft:string":1,"born_in_chaos_v1:intoxicating_decoction":1,"minecraft:bone":5,"minecraft:wheat_seeds":23,"minecraft:stone_pickaxe":2,"minecraft:tall_grass":2,"dynamictrees:oak_seed":2,"minecraft:melon_slice":13,"minecraft:moss_block":3,"minecraft:acacia_sapling":1,"minecraft:tipped_arrow":1,"minecraft:stick":40,"minecraft:raw_iron":3,"minecraft:torch":13,"minecraft:acacia_log":3,"minecraft:sand":1,"justhammers:stone_hammer":2,"minecraft:spider_eye":1,"minecraft:barrel":2,"minecraft:cauldron":1,"minecraft:arrow":2,"minecraft:rotten_flesh":4,"minecraft:tropical_fish":1,"minecraft:stone_axe":2,"dynamictrees:jungle_seed":8,"minecraft:bread":15,"minecraft:rooted_dirt":3,"minecraft:oak_sapling":1,"minecraft:cobblestone":303},"minecraft:custom":{"minecraft:interact_with_furnace":3,"minecraft:mob_kills":11,"minecraft:interact_with_crafting_table":6,"minecraft:open_barrel":3,"minecraft:damage_dealt_resisted":70,"minecraft:leave_game":4,"minecraft:time_since_death":6474,"minecraft:climb_one_cm":7617,"minecraft:time_since_rest":6606,"minecraft:sprint_one_cm":145413,"minecraft:damage_taken":4781,"minecraft:walk_one_cm":487894,"minecraft:drop":54,"minecraft:damage_dealt":2057,"minecraft:damage_dealt_absorbed":63,"minecraft:player_kills":2,"minecraft:fly_one_cm":279696,"minecraft:open_chest":12,"minecraft:crouch_one_cm":4279,"minecraft:play_time":95873,"minecraft:deaths":12,"minecraft:sneak_time":2189,"minecraft:walk_under_water_one_cm":27360,"minecraft:boat_one_cm":1007,"minecraft:jump":1258,"minecraft:walk_on_water_one_cm":18996,"minecraft:total_world_time":95873,"minecraft:interact_with_smoker":2,"minecraft:fall_one_cm":23602},"minecraft:used":{"minecraft:moss_block":1,"minecraft:tropical_fish":1,"minecraft:stone_pickaxe":9,"minecraft:wooden_pickaxe":45,"minecraft:cauldron":1,"minecraft:torch":7,"minecraft:dirt":36,"minecraft:crafting_table":1,"born_in_chaos_v1:corpse_maggot":2,"minecraft:bread":15,"minecraft:melon_slice":11,"minecraft:rooted_dirt":3,"justhammers:stone_hammer":89,"evilcraft:flesh_humanoid":1,"minecraft:barrel":1,"minecraft:stone_axe":165,"minecraft:cobblestone":39,"minecraft:coarse_dirt":2,"minecraft:acacia_planks":4},"minecraft:crafted":{"minecraft:crafting_table":1,"minecraft:acacia_planks":12},"minecraft:killed":{"born_in_chaos_v1:barrel_zombie":1,"minecraft:spider":1,"dungeons_mobs:jungle_zombie":3,"minecraft:skeleton":2,"iceandfire:ghost":1,"born_in_chaos_v1:corpse_fly":3},"minecraft:mined":{"minecraft:torch":2,"minecraft:ladder":1,"minecraft:acacia_log":3,"minecraft:grass_block":20,"minecraft:melon":3,"minecraft:tall_grass":2,"dynamictrees:jungle_branch":110,"minecraft:moss_block":6,"minecraft:rooted_dirt":6,"minecraft:wall_torch":1,"minecraft:air":27,"minecraft:tall_seagrass":1,"minecraft:coarse_dirt":2,"dynamictrees:oak_undergrowth_leaves":16,"minecraft:iron_ore":2,"minecraft:fire":22,"dynamictrees:rooty_grass_block":2,"minecraft:grass":77,"dynamictrees:rooty_moss_block":1,"minecraft:water_cauldron":1,"minecraft:sand":1,"minecraft:dirt":47,"dynamictrees:jungle_undergrowth_leaves":8,"minecraft:stone":42,"minecraft:oak_leaves":1,"minecraft:fern":21},"minecraft:dropped":{"minecraft:iron_ingot":15,"minecraft:stone_axe":1,"minecraft:wheat_seeds":6,"dynamictrees:oak_seed":2,"minecraft:cobblestone":21,"minecraft:book":1,"minecraft:iron_boots":1,"minecraft:stick":47,"minecraft:dirt":16,"justhammers:stone_hammer":1,"minecraft:tipped_arrow":1,"minecraft:torch":1,"born_in_chaos_v1:corpse_maggot":2,"minecraft:melon_slice":2,"minecraft:iron_leggings":3,"minecraft:chain":2,"minecraft:barrel":1,"minecraft:gold_nugget":10,"minecraft:spider_eye":1,"minecraft:string":1,"iceandfire:manuscript":6}},"DataVersion":3120}