{"stats":{"minecraft:killed":{"born_in_chaos_v1:zombie_lumberjack":1,"born_in_chaos_v1:restless_spirit":1,"minecraft:spider":2,"quark:forgotten":1,"minecraft:skeleton":3,"born_in_chaos_v1:skeleton_thrasher":1,"minecraft:pig":3,"dungeons_mobs:jungle_zombie":3,"minecraft:sheep":2,"minecraft:zombie":21,"born_in_chaos_v1:dread_hound":1,"born_in_chaos_v1:corpse_fly":4,"born_in_chaos_v1:zombie_bruiser":1,"born_in_chaos_v1:maggot":11,"minecraft:drowned":1,"born_in_chaos_v1:barrel_zombie":2,"born_in_chaos_v1:fallen_chaos_knight":1,"naturalist:bear":1,"born_in_chaos_v1:decrepit_skeleton":1,"born_in_chaos_v1:decaying_zombie":1,"iceandfire:ghost":2,"born_in_chaos_v1:nightmare_stalker":1,"minecraft:villager":1},"minecraft:crafted":{"minecraft:oak_planks":16,"minecraft:cooked_chicken":5,"minecraft:crafting_table":3,"minecraft:spruce_planks":12,"minecraft:stick":24,"minecraft:stone_pickaxe":1,"epicfight:stone_greatsword":3,"minecraft:acacia_planks":76},"minecraft:mined":{"minecraft:dark_oak_planks":1,"minecraft:spruce_planks":13,"minecraft:granite":3,"minecraft:acacia_log":18,"minecraft:grass_block":32,"minecraft:spawner":2,"iceandfire:crackled_cobblestone":1,"minecraft:tall_seagrass":1,"minecraft:cobbled_deepslate":4,"minecraft:iron_ore":2,"minecraft:sticky_piston":8,"minecraft:fire":23,"dynamictrees:rooty_grass_block":2,"minecraft:pumpkin":1,"iceandfire:crackled_dirt":1,"iceandfire:gold_pile":15,"minecraft:water_cauldron":1,"minecraft:oak_stairs":4,"dynamictrees:jungle_undergrowth_leaves":8,"minecraft:piston_head":2,"iceandfire:dragon_ice_spikes":5,"minecraft:torch":2,"minecraft:jungle_stairs":5,"minecraft:melon":3,"minecraft:polished_andesite_stairs":1,"minecraft:white_stained_glass_pane":4,"iceandfire:frozen_dirt":11,"dynamictrees:jungle_branch":110,"minecraft:honeycomb_block":1,"minecraft:oak_planks":8,"minecraft:wall_torch":1,"minecraft:repeater":4,"iceandfire:crackled_stone":1,"minecraft:grass":90,"dynamictrees:rooty_moss_block":1,"minecraft:sand":3,"minecraft:dirt":82,"minecraft:tripwire_hook":1,"minecraft:oak_leaves":46,"minecraft:deepslate":3,"minecraft:tuff":1,"iceandfire:silver_ore":1,"dynamictrees:birch_branch":38,"minecraft:dark_oak_log":1,"iceandfire:frozen_cobblestone":10,"minecraft:gray_stained_glass_pane":3,"iceandfire:crackled_gravel":2,"minecraft:lever":1,"minecraft:ladder":1,"iceandfire:frozen_stone":1,"minecraft:jungle_planks":6,"iceandfire:frozen_grass":1,"minecraft:redstone_wire":40,"minecraft:moss_block":9,"minecraft:rooted_dirt":6,"minecraft:packed_mud":1,"dynamictrees:oak_undergrowth_leaves":16,"iceandfire:crackled_grass":2,"dynamictrees:oak_branch":115,"minecraft:deepslate_iron_ore":3,"minecraft:vine":1,"minecraft:stone":97,"minecraft:redstone_block":6,"minecraft:stone_brick_slab":5,"minecraft:crafting_table":1,"dynamictrees:acacia_leaves":5,"minecraft:tall_grass":7,"minecraft:air":110,"minecraft:spruce_stairs":6,"minecraft:coarse_dirt":2,"minecraft:coal_ore":19,"minecraft:gravel":2,"minecraft:acacia_door":2,"minecraft:cracked_stone_bricks":1,"minecraft:stone_bricks":8,"minecraft:mossy_stone_bricks":4,"minecraft:fern":22},"minecraft:custom":{"minecraft:interact_with_crafting_table":16,"minecraft:open_barrel":5,"minecraft:bell_ring":11,"minecraft:leave_game":9,"minecraft:time_since_death":4150,"minecraft:sprint_one_cm":571048,"minecraft:damage_blocked_by_shield":25,"minecraft:drop":242,"minecraft:talked_to_villager":1,"minecraft:play_time":302257,"minecraft:deaths":19,"minecraft:jump":4042,"minecraft:walk_on_water_one_cm":65316,"minecraft:interact_with_furnace":5,"minecraft:interact_with_cartography_table":1,"minecraft:sleep_in_bed":7,"minecraft:damage_dealt":12278,"minecraft:player_kills":3,"minecraft:crouch_one_cm":6223,"minecraft:interact_with_smoker":5,"minecraft:interact_with_anvil":5,"minecraft:mob_kills":62,"minecraft:damage_dealt_resisted":766,"minecraft:climb_one_cm":13940,"minecraft:walk_one_cm":1663897,"minecraft:damage_dealt_absorbed":481,"minecraft:sneak_time":3252,"minecraft:walk_under_water_one_cm":69359,"minecraft:boat_one_cm":162898,"minecraft:total_world_time":302257,"minecraft:time_since_rest":3576,"minecraft:damage_taken":2147483647,"minecraft:trigger_trapped_chest":2,"minecraft:swim_one_cm":44668,"minecraft:fly_one_cm":1131828,"minecraft:open_chest":142,"minecraft:fall_one_cm":147193},"minecraft:killed_by":{"born_in_chaos_v1:nightmare_stalker":1,"minecraft:creeper":1,"iceandfire:sea_serpent":1,"dungeons_mobs:mossy_skeleton":2,"iceandfire:fire_dragon":4,"minecraft:player":3,"born_in_chaos_v1:fallen_chaos_knight":1,"born_in_chaos_v1:barrel_zombie":1,"born_in_chaos_v1:bonescaller":1,"iceandfire:gorgon":2},"minecraft:broken":{"justhammers:stone_hammer":1,"minecraft:stone_axe":1,"minecraft:leather_chestplate":1},"minecraft:dropped":{"minecraft:moss_block":5,"minecraft:glass_bottle":2,"minecraft:diamond":5,"iceandfire:chared_dirt":2,"iceandfire:frozen_dirt":4,"minecraft:jungle_planks":5,"iceandfire:ectoplasm":1,"minecraft:cracked_stone_bricks":2,"minecraft:emerald":4,"minecraft:flint":4,"minecraft:dirt":87,"born_in_chaos_v1:monster_flesh":2,"minecraft:packed_mud":2,"dynamictrees:jungle_seed":8,"born_in_chaos_v1:monster_skin":2,"artifacts:charm_of_sinking":1,"minecraft:chain":2,"minecraft:gold_nugget":610,"minecraft:sand":5,"minecraft:white_wool":2,"minecraft:gold_ingot":9,"minecraft:bone":18,"minecraft:honeycomb_block":1,"minecraft:stone_axe":1,"minecraft:sugar_cane":16,"dynamictrees:oak_seed":4,"minecraft:cobbled_deepslate":55,"minecraft:rotten_flesh":31,"iceandfire:frozen_stone":1,"justhammers:iron_hammer":1,"evilcraft:flesh_humanoid":2,"justhammers:stone_hammer":1,"minecraft:tipped_arrow":1,"minecraft:jungle_stairs":5,"minecraft:charcoal":2,"born_in_chaos_v1:corpse_maggot":12,"minecraft:leather_boots":1,"iceandfire:crackled_cobblestone":1,"minecraft:acacia_sapling":1,"minecraft:arrow":3,"iceandfire:armor_copper_metal_leggings":1,"minecraft:stone_brick_stairs":1,"endrem:black_eye":2,"iceandfire:manuscript":6,"minecraft:enchanted_book":1,"minecraft:iron_ingot":20,"minecraft:bread":6,"born_in_chaos_v1:wood_splitter_axe":3,"minecraft:wheat_seeds":27,"dynamictrees:birch_seed":1,"minecraft:poisonous_potato":1,"minecraft:cobblestone":21,"minecraft:book":1,"minecraft:granite":1,"minecraft:copper_ingot":7,"minecraft:spruce_stairs":4,"minecraft:stick":55,"minecraft:cobweb":2,"iceandfire:crackled_dirt":1,"minecraft:torch":1,"minecraft:melon_slice":2,"epicfight:iron_greatsword":1,"born_in_chaos_v1:fused_bone":2,"minecraft:iron_leggings":3,"minecraft:pumpkin":1,"iceandfire:ice_dragon_heart":1,"epicfight:stone_greatsword":5,"iceandfire:crackled_grass":2,"minecraft:iron_axe":1,"iceandfire:dragonscales_white":14,"minecraft:orange_bed":1,"minecraft:string":1,"minecraft:bucket":1,"minecraft:acacia_planks":2,"iceandfire:frozen_cobblestone":2,"minecraft:stone_brick_slab":1,"iceandfire:dragonbone":2,"minecraft:sticky_piston":10,"minecraft:tall_grass":2,"minecraft:clay_ball":3,"minecraft:iron_boots":1,"minecraft:potato":2,"minecraft:mossy_stone_bricks":4,"iceandfire:silver_ingot":2,"minecraft:fire_coral":1,"minecraft:andesite_stairs":1,"minecraft:oak_sapling":5,"minecraft:barrel":1,"minecraft:spider_eye":1,"minecraft:stone_pickaxe":1,"minecraft:wooden_pickaxe":1,"iceandfire:crackled_stone":1,"epicfight:skillbook":2},"minecraft:picked_up":{"minecraft:redstone_block":6,"minecraft:oak_stairs":4,"minecraft:stone_brick_stairs":1,"minecraft:string":3,"minecraft:sticky_piston":20,"minecraft:experience_bottle":10,"minecraft:cobbled_deepslate":68,"minecraft:gold_nugget":225,"comforts:sleeping_bag_white":2,"minecraft:spruce_planks":20,"dynamictrees:oak_seed":2,"minecraft:melon_slice":13,"minecraft:tipped_arrow":1,"minecraft:stick":44,"iceandfire:crackled_dirt":1,"iceandfire:silver_ore":1,"minecraft:torch":13,"minecraft:acacia_log":19,"iceandfire:dragonscales_white":14,"minecraft:spruce_stairs":6,"epicfight:skillbook":3,"minecraft:porkchop":11,"minecraft:honeycomb_block":1,"born_in_chaos_v1:nightmare_claw":2,"minecraft:cauldron":1,"quark:ancient_tome":1,"minecraft:orange_bed":2,"minecraft:rotten_flesh":41,"minecraft:tropical_fish":1,"iceandfire:crackled_grass":2,"minecraft:obsidian":8,"minecraft:cobblestone":371,"minecraft:birch_log":2,"immersive_armors:heavy_helmet":1,"minecraft:cooked_beef":5,"minecraft:repeater":4,"minecraft:jungle_log":2,"minecraft:potato":2,"minecraft:flint":4,"minecraft:tuff":14,"evilcraft:flesh_humanoid":3,"minecraft:dirt":138,"born_in_chaos_v1:monster_skin":2,"minecraft:bone":15,"minecraft:acacia_planks":55,"epicfight:iron_greatsword":2,"minecraft:wheat_seeds":31,"minecraft:mossy_stone_bricks":4,"minecraft:moss_block":6,"minecraft:oak_planks":22,"minecraft:poisonous_potato":1,"justhammers:iron_hammer":2,"minecraft:jungle_planks":5,"minecraft:sand":5,"dynamictrees:acacia_seed":1,"minecraft:dark_oak_log":1,"iceandfire:frozen_dirt":8,"minecraft:barrel":2,"iceandfire:crackled_stone":1,"minecraft:lever":1,"minecraft:bread":45,"minecraft:rooted_dirt":3,"minecraft:oak_sapling":5,"minecraft:charcoal":2,"minecraft:coarse_dirt":2,"minecraft:clay_ball":3,"born_in_chaos_v1:seedof_chaos":1,"minecraft:wooden_pickaxe":1,"iceandfire:frozen_cobblestone":9,"minecraft:shield":1,"minecraft:fire_coral":1,"iceandfire:frozen_grass":1,"minecraft:iron_axe":1,"iceandfire:frozen_stone":1,"minecraft:acacia_door":2,"born_in_chaos_v1:intoxicating_decoction":1,"minecraft:cracked_stone_bricks":2,"minecraft:andesite_stairs":1,"minecraft:sugar_cane":16,"minecraft:chest":1,"iceandfire:ice_dragon_heart":1,"minecraft:raw_iron":7,"iceandfire:dragonbone":2,"artifacts:charm_of_sinking":1,"minecraft:copper_ingot":14,"born_in_chaos_v1:pieceofdarkmetal":16,"minecraft:redstone":40,"minecraft:prismarine_crystals":4,"minecraft:dark_oak_planks":1,"minecraft:arrow":7,"born_in_chaos_v1:wood_splitter_axe":4,"minecraft:jungle_stairs":5,"iceandfire:chared_dirt":1,"minecraft:gold_ingot":3,"minecraft:white_wool":2,"born_in_chaos_v1:fused_bone":2,"born_in_chaos_v1:corpse_maggot":20,"immersive_armors:heavy_leggings":1,"born_in_chaos_v1:monster_flesh":3,"minecraft:tripwire_hook":1,"minecraft:packed_mud":2,"minecraft:oak_log":4,"minecraft:gunpowder":1,"iceandfire:armor_copper_metal_helmet":1,"immersive_armors:heavy_chestplate":1,"minecraft:stone_bricks":24,"dynamictrees:birch_seed":1,"minecraft:iron_ingot":11,"minecraft:stone_pickaxe":4,"minecraft:tall_grass":2,"minecraft:glass_bottle":1,"minecraft:acacia_sapling":2,"minecraft:iron_sword":1,"iceandfire:crackled_cobblestone":1,"minecraft:polished_andesite_stairs":1,"iceandfire:copper_nugget":5,"endrem:black_eye":2,"minecraft:pumpkin":1,"epicfight:stone_greatsword":4,"minecraft:stone_brick_slab":6,"born_in_chaos_v1:ethereal_spirit":6,"minecraft:gravel":2,"justhammers:stone_hammer":2,"quark:oak_chest":1,"minecraft:spider_eye":2,"minecraft:stone_axe":2,"dynamictrees:jungle_seed":8,"minecraft:iron_helmet":1,"immersive_armors:heavy_boots":1,"minecraft:coal":75},"minecraft:used":{"minecraft:moss_block":1,"born_in_chaos_v1:intoxicating_decoction":1,"minecraft:chest":1,"minecraft:shield":1,"minecraft:carrot":4,"iceandfire:frozen_grass":1,"minecraft:tuff":14,"minecraft:milk_bucket":2,"born_in_chaos_v1:corpse_maggot":8,"minecraft:lava_bucket":12,"minecraft:stone_bricks":22,"minecraft:egg":9,"iceandfire:frozen_cobblestone":7,"minecraft:potato":30,"epicfight:skillbook":4,"minecraft:stone_pickaxe":225,"minecraft:wooden_pickaxe":46,"minecraft:cookie":7,"iceandfire:frozen_dirt":4,"minecraft:sticky_piston":2,"minecraft:lever":1,"minecraft:acacia_door":2,"born_in_chaos_v1:monster_flesh":1,"minecraft:melon_slice":11,"minecraft:bread":88,"dynamictrees:acacia_seed":1,"minecraft:coarse_dirt":2,"minecraft:experience_bottle":3,"minecraft:tropical_fish":1,"minecraft:redstone":1,"minecraft:cooked_chicken":5,"minecraft:orange_bed":1,"minecraft:torch":11,"minecraft:dirt":39,"iceandfire:copper_sword":32,"minecraft:stone_brick_slab":5,"epicfight:iron_greatsword":57,"minecraft:iron_axe":315,"minecraft:rooted_dirt":3,"epicfight:stone_greatsword":63,"evilcraft:flesh_humanoid":1,"minecraft:barrel":1,"minecraft:tripwire_hook":1,"comforts:sleeping_bag_white":1,"minecraft:cooked_beef":3,"minecraft:acacia_planks":10,"minecraft:cobbled_deepslate":29,"minecraft:cooked_mutton":2,"minecraft:baked_potato":4,"minecraft:cauldron":1,"minecraft:crafting_table":3,"justhammers:iron_hammer":17,"minecraft:apple":2,"justhammers:stone_hammer":98,"minecraft:stone_axe":165,"minecraft:cobblestone":162,"minecraft:cooked_porkchop":2,"minecraft:bucket":13,"born_in_chaos_v1:wood_splitter_axe":48,"minecraft:pumpkin_pie":1,"quark:oak_chest":1}},"DataVersion":3120}