{"stats":{"minecraft:mined":{"minecraft:spruce_planks":15,"minecraft:granite":3,"minecraft:acacia_log":18,"minecraft:grass_block":39,"minecraft:spawner":18,"iceandfire:crackled_cobblestone":1,"minecraft:tall_seagrass":1,"minecraft:iron_ore":2,"minecraft:sticky_piston":8,"minecraft:fire":31,"minecraft:cobbled_deepslate":8,"dynamictrees:rooty_grass_block":2,"minecraft:pumpkin":1,"iceandfire:crackled_dirt":1,"minecraft:red_tulip":1,"iceandfire:gold_pile":15,"minecraft:water_cauldron":1,"minecraft:oak_stairs":4,"dynamictrees:jungle_undergrowth_leaves":8,"iceandfire:chared_cobblestone":3,"minecraft:piston_head":2,"iceandfire:dragon_ice_spikes":8,"minecraft:torch":2,"minecraft:jungle_stairs":5,"minecraft:polished_andesite_stairs":1,"minecraft:melon":3,"minecraft:chest":1,"minecraft:white_stained_glass_pane":4,"iceandfire:frozen_dirt":31,"dynamictrees:jungle_branch":110,"minecraft:cobblestone":5,"minecraft:honeycomb_block":1,"minecraft:oak_planks":8,"minecraft:wall_torch":1,"minecraft:repeater":4,"iceandfire:crackled_stone":1,"minecraft:grass":101,"dynamictrees:rooty_moss_block":1,"minecraft:sand":3,"minecraft:dirt":91,"minecraft:tripwire_hook":1,"minecraft:oak_leaves":46,"minecraft:deepslate":3,"minecraft:tuff":1,"iceandfire:silver_ore":2,"minecraft:mossy_cobblestone":2,"dynamictrees:birch_branch":38,"minecraft:dark_oak_log":1,"iceandfire:frozen_cobblestone":10,"iceandfire:crackled_gravel":2,"minecraft:gray_stained_glass_pane":3,"minecraft:lever":1,"minecraft:ladder":1,"iceandfire:frozen_stone":8,"minecraft:jungle_planks":6,"iceandfire:frozen_grass":2,"minecraft:redstone_wire":40,"iceandfire:chared_dirt":3,"iceandfire:dragon_ice":7,"minecraft:moss_block":9,"minecraft:rooted_dirt":6,"iceandfire:chared_grass":1,"minecraft:packed_mud":1,"dynamictrees:oak_undergrowth_leaves":16,"iceandfire:crackled_grass":2,"minecraft:acacia_wood":1,"dynamictrees:oak_branch":115,"minecraft:cobblestone_slab":1,"minecraft:deepslate_iron_ore":3,"minecraft:vine":1,"minecraft:stone":104,"minecraft:redstone_block":6,"minecraft:stone_brick_slab":5,"iceandfire:frozen_gravel":6,"minecraft:crafting_table":3,"dynamictrees:acacia_leaves":5,"minecraft:stone_slab":2,"minecraft:tall_grass":22,"minecraft:air":110,"minecraft:spruce_stairs":6,"minecraft:coarse_dirt":2,"minecraft:birch_leaves":4,"iceandfire:ash":3,"minecraft:coal_ore":19,"minecraft:gravel":2,"minecraft:acacia_door":2,"minecraft:cracked_stone_bricks":1,"minecraft:stone_bricks":8,"minecraft:mossy_stone_bricks":4,"minecraft:fern":22,"minecraft:dark_oak_planks":1},"minecraft:used":{"minecraft:moss_block":1,"born_in_chaos_v1:intoxicating_decoction":1,"naturalist:cooked_catfish":1,"minecraft:chest":2,"minecraft:shield":7,"minecraft:iron_sword":23,"minecraft:carrot":17,"iceandfire:frozen_grass":1,"minecraft:tuff":14,"minecraft:milk_bucket":2,"born_in_chaos_v1:corpse_maggot":8,"minecraft:lava_bucket":43,"minecraft:stone_bricks":22,"minecraft:bow":21,"minecraft:egg":9,"iceandfire:frozen_cobblestone":7,"minecraft:potato":54,"epicfight:skillbook":8,"minecraft:stone_pickaxe":234,"minecraft:gray_carpet":2,"minecraft:wooden_pickaxe":46,"minecraft:cookie":11,"iceandfire:frozen_dirt":4,"minecraft:crossbow":2,"minecraft:sticky_piston":2,"minecraft:lever":1,"minecraft:acacia_door":2,"born_in_chaos_v1:monster_flesh":1,"minecraft:melon_slice":22,"minecraft:bread":140,"dynamictrees:acacia_seed":1,"minecraft:coarse_dirt":2,"minecraft:experience_bottle":3,"minecraft:tropical_fish":1,"minecraft:redstone":1,"minecraft:spruce_planks":17,"minecraft:cooked_salmon":1,"minecraft:cooked_chicken":5,"minecraft:orange_bed":1,"minecraft:torch":11,"iceandfire:silver_ore":1,"minecraft:dirt":43,"iceandfire:copper_sword":32,"minecraft:stone_stairs":1,"minecraft:stone_brick_slab":5,"epicfight:iron_greatsword":220,"minecraft:iron_axe":323,"minecraft:rooted_dirt":3,"minecraft:barrel":1,"iceandfire:dragon_ice":7,"evilcraft:flesh_humanoid":1,"epicfight:stone_greatsword":87,"minecraft:tripwire_hook":1,"comforts:sleeping_bag_white":6,"minecraft:cooked_beef":5,"minecraft:cobbled_deepslate":91,"minecraft:acacia_planks":10,"minecraft:cooked_mutton":3,"minecraft:water_bucket":3,"minecraft:baked_potato":4,"minecraft:cauldron":1,"minecraft:mossy_cobblestone":1,"minecraft:crafting_table":6,"justhammers:iron_hammer":35,"minecraft:apple":43,"minecraft:iron_pickaxe":103,"minecraft:stone_slab":1,"iceandfire:ash":2,"justhammers:stone_hammer":98,"minecraft:stone_axe":165,"minecraft:cobblestone":277,"travelersbackpack:standard":4,"minecraft:cooked_porkchop":3,"minecraft:bucket":51,"born_in_chaos_v1:wood_splitter_axe":77,"minecraft:pumpkin_pie":5,"quark:oak_chest":1},"minecraft:picked_up":{"minecraft:wooden_axe":1,"minecraft:birch_door":2,"minecraft:redstone_block":6,"minecraft:stone_slab":4,"minecraft:oak_stairs":4,"minecraft:stone_brick_stairs":1,"minecraft:golden_sword":2,"iceandfire:armor_silver_metal_chestplate":1,"minecraft:string":14,"minecraft:red_nether_bricks":30,"minecraft:sticky_piston":20,"minecraft:experience_bottle":10,"minecraft:gold_nugget":240,"minecraft:cobbled_deepslate":72,"minecraft:bucket":2,"comforts:sleeping_bag_white":9,"minecraft:spruce_planks":37,"minecraft:calcite":12,"dynamictrees:oak_seed":2,"iceandfire:frozen_gravel":12,"minecraft:melon_slice":13,"minecraft:smooth_quartz_stairs":5,"minecraft:iron_boots":3,"minecraft:tipped_arrow":1,"minecraft:stick":47,"iceandfire:crackled_dirt":1,"minecraft:torch":13,"minecraft:acacia_log":19,"iceandfire:dragonscales_white":14,"minecraft:spruce_stairs":6,"iceandfire:silver_ore":2,"epicfight:skillbook":7,"minecraft:porkchop":12,"minecraft:golden_axe":1,"minecraft:honeycomb_block":1,"born_in_chaos_v1:nightmare_claw":2,"minecraft:cauldron":1,"quark:ancient_tome":1,"minecraft:orange_bed":2,"minecraft:stone_sword":4,"minecraft:rotten_flesh":64,"minecraft:tropical_fish":1,"iceandfire:crackled_grass":2,"minecraft:obsidian":8,"minecraft:cobblestone":412,"minecraft:birch_log":2,"minecraft:leather_chestplate":1,"immersive_armors:heavy_helmet":1,"minecraft:cooked_beef":5,"minecraft:repeater":4,"minecraft:jungle_log":2,"minecraft:potato":5,"minecraft:flint":4,"minecraft:tuff":14,"evilcraft:flesh_humanoid":4,"minecraft:dirt":152,"born_in_chaos_v1:monster_skin":2,"minecraft:bone":56,"minecraft:acacia_planks":55,"epicfight:iron_greatsword":4,"minecraft:bow":1,"minecraft:wheat_seeds":41,"minecraft:mossy_stone_bricks":4,"minecraft:moss_block":6,"minecraft:oak_planks":22,"minecraft:poisonous_potato":1,"justhammers:iron_hammer":2,"minecraft:sand":5,"minecraft:jungle_planks":5,"dynamictrees:acacia_seed":1,"minecraft:nether_brick_stairs":1,"minecraft:dark_oak_log":1,"iceandfire:frozen_dirt":28,"minecraft:barrel":2,"minecraft:mossy_cobblestone":7,"iceandfire:chared_cobblestone":3,"iceandfire:crackled_stone":1,"minecraft:lever":1,"iceandfire:dragon_ice":7,"minecraft:crossbow":1,"minecraft:bread":63,"iceandfire:gorgon_head":1,"minecraft:rooted_dirt":3,"minecraft:oak_sapling":5,"iceandfire:silver_nugget":72,"minecraft:crafting_table":2,"minecraft:charcoal":2,"minecraft:coarse_dirt":2,"minecraft:clay_ball":3,"born_in_chaos_v1:seedof_chaos":1,"minecraft:wooden_pickaxe":1,"iceandfire:frozen_cobblestone":9,"minecraft:chain":2,"minecraft:shield":1,"minecraft:fire_coral":1,"iceandfire:sea_serpent_scales_blue":11,"iceandfire:frozen_grass":3,"iceandfire:frozen_stone":15,"minecraft:stone_stairs":1,"minecraft:iron_axe":3,"minecraft:acacia_door":2,"born_in_chaos_v1:intoxicating_decoction":1,"minecraft:cracked_stone_bricks":2,"iceandfire:bestiary":1,"minecraft:candle":3,"minecraft:andesite_stairs":1,"iceandfire:armor_silver_metal_leggings":1,"minecraft:oak_boat":1,"minecraft:iron_nugget":11,"minecraft:sugar_cane":16,"minecraft:chest":2,"iceandfire:ice_dragon_heart":1,"minecraft:raw_iron":7,"iceandfire:dragonbone":2,"artifacts:charm_of_sinking":1,"minecraft:copper_ingot":14,"iceandfire:chared_grass":1,"born_in_chaos_v1:pieceofdarkmetal":16,"minecraft:redstone":40,"minecraft:prismarine_crystals":4,"minecraft:dark_oak_planks":1,"minecraft:arrow":30,"born_in_chaos_v1:wood_splitter_axe":4,"minecraft:jungle_stairs":5,"iceandfire:chared_dirt":4,"minecraft:gold_ingot":3,"minecraft:mutton":4,"minecraft:white_wool":6,"born_in_chaos_v1:fused_bone":2,"born_in_chaos_v1:corpse_maggot":20,"immersive_armors:heavy_leggings":1,"born_in_chaos_v1:monster_flesh":3,"minecraft:tripwire_hook":1,"minecraft:leather":9,"minecraft:acacia_wood":4,"minecraft:packed_mud":2,"minecraft:mushroom_stew":3,"minecraft:oak_log":4,"minecraft:gunpowder":1,"iceandfire:armor_copper_metal_helmet":1,"immersive_armors:heavy_chestplate":1,"minecraft:stone_bricks":24,"minecraft:gray_carpet":3,"iceandfire:dragon_stick":1,"minecraft:iron_ingot":11,"dynamictrees:birch_seed":1,"minecraft:stone_pickaxe":4,"minecraft:cobweb":8,"minecraft:tall_grass":2,"minecraft:glass_bottle":1,"minecraft:polished_andesite_slab":2,"minecraft:iron_sword":1,"minecraft:acacia_sapling":2,"iceandfire:crackled_cobblestone":1,"minecraft:book":5,"minecraft:polished_andesite_stairs":4,"iceandfire:copper_nugget":5,"endrem:black_eye":2,"minecraft:pumpkin":1,"epicfight:stone_greatsword":4,"minecraft:stone_brick_slab":6,"iceandfire:ash":3,"born_in_chaos_v1:ethereal_spirit":10,"minecraft:dandelion":1,"minecraft:gravel":2,"justhammers:stone_hammer":2,"quark:oak_chest":1,"minecraft:spider_eye":4,"minecraft:leather_helmet":2,"travelersbackpack:standard":1,"minecraft:stone_axe":2,"dynamictrees:jungle_seed":8,"minecraft:iron_helmet":3,"minecraft:diamond_axe":1,"immersive_armors:heavy_boots":1,"minecraft:red_nether_brick_slab":3,"minecraft:coal":75},"minecraft:killed":{"minecraft:cave_spider":3,"born_in_chaos_v1:restless_spirit":1,"born_in_chaos_v1:zombie_lumberjack":1,"minecraft:spider":3,"quark:forgotten":1,"born_in_chaos_v1:scarlet_persecutor":4,"minecraft:skeleton":22,"born_in_chaos_v1:skeleton_thrasher":1,"minecraft:pig":3,"dungeons_mobs:jungle_zombie":3,"minecraft:sheep":5,"minecraft:zombie":29,"born_in_chaos_v1:dread_hound":1,"born_in_chaos_v1:corpse_fly":4,"born_in_chaos_v1:zombie_bruiser":2,"born_in_chaos_v1:maggot":12,"iceandfire:fire_dragon":1,"minecraft:drowned":1,"born_in_chaos_v1:barrel_zombie":2,"born_in_chaos_v1:fallen_chaos_knight":1,"naturalist:bear":1,"iceandfire:cyclops":2,"born_in_chaos_v1:decrepit_skeleton":1,"born_in_chaos_v1:decaying_zombie":1,"iceandfire:ghost":2,"iceandfire:ice_dragon":1,"born_in_chaos_v1:nightmare_stalker":1,"minecraft:villager":1},"minecraft:broken":{"justhammers:stone_hammer":1,"immersive_armors:heavy_helmet":1,"minecraft:stone_axe":1,"minecraft:leather_chestplate":1,"immersive_armors:heavy_boots":1},"minecraft:crafted":{"minecraft:oak_planks":16,"minecraft:cooked_chicken":5,"minecraft:bow":1,"minecraft:crafting_table":4,"minecraft:spruce_planks":12,"minecraft:stick":24,"minecraft:stone_pickaxe":1,"epicfight:stone_greatsword":3,"minecraft:acacia_planks":76},"minecraft:killed_by":{"born_in_chaos_v1:nightmare_stalker":1,"iceandfire:cyclops":1,"minecraft:creeper":2,"iceandfire:sea_serpent":1,"dungeons_mobs:mossy_skeleton":2,"iceandfire:fire_dragon":7,"minecraft:player":5,"born_in_chaos_v1:fallen_chaos_knight":1,"born_in_chaos_v1:barrel_zombie":1,"born_in_chaos_v1:bonescaller":1,"iceandfire:gorgon":2},"minecraft:custom":{"minecraft:interact_with_crafting_table":24,"minecraft:open_barrel":10,"minecraft:bell_ring":12,"minecraft:leave_game":16,"minecraft:time_since_death":12644,"minecraft:sprint_one_cm":780321,"minecraft:damage_blocked_by_shield":135,"minecraft:drop":379,"minecraft:play_noteblock":5,"minecraft:talked_to_villager":1,"minecraft:play_time":452798,"minecraft:deaths":28,"minecraft:jump":6721,"minecraft:walk_on_water_one_cm":85773,"minecraft:interact_with_furnace":6,"minecraft:interact_with_cartography_table":1,"minecraft:sleep_in_bed":12,"minecraft:damage_dealt":25810,"minecraft:player_kills":7,"minecraft:crouch_one_cm":17238,"minecraft:interact_with_smoker":5,"minecraft:interact_with_anvil":5,"minecraft:mob_kills":108,"minecraft:damage_dealt_resisted":906,"minecraft:climb_one_cm":21369,"minecraft:walk_one_cm":2548864,"minecraft:damage_dealt_absorbed":695,"minecraft:sneak_time":4773,"minecraft:walk_under_water_one_cm":80707,"minecraft:boat_one_cm":171708,"minecraft:total_world_time":452798,"minecraft:tune_noteblock":5,"minecraft:time_since_rest":12799,"minecraft:damage_taken":2147483647,"minecraft:trigger_trapped_chest":2,"minecraft:swim_one_cm":49014,"minecraft:fly_one_cm":1833710,"minecraft:open_chest":267,"minecraft:fall_one_cm":350152},"minecraft:dropped":{"minecraft:nether_brick_stairs":1,"minecraft:acacia_wood":4,"minecraft:moss_block":5,"minecraft:porkchop":1,"minecraft:diamond_axe":1,"minecraft:glass_bottle":2,"minecraft:diamond":5,"minecraft:red_nether_brick_slab":3,"iceandfire:chared_dirt":4,"iceandfire:frozen_dirt":24,"minecraft:jungle_planks":5,"iceandfire:ectoplasm":1,"minecraft:cracked_stone_bricks":2,"minecraft:leather_helmet":2,"minecraft:flint":4,"minecraft:cod":3,"minecraft:emerald":4,"born_in_chaos_v1:monster_flesh":2,"minecraft:packed_mud":2,"minecraft:dirt":97,"dynamictrees:jungle_seed":8,"born_in_chaos_v1:monster_skin":2,"artifacts:charm_of_sinking":1,"minecraft:chain":4,"minecraft:gold_nugget":625,"iceandfire:ash":1,"minecraft:sand":5,"minecraft:iron_pickaxe":1,"minecraft:white_wool":2,"minecraft:gold_ingot":9,"minecraft:bone":56,"minecraft:honeycomb_block":1,"immersive_armors:heavy_leggings":1,"minecraft:stone_axe":1,"minecraft:sugar_cane":16,"minecraft:polished_andesite_slab":2,"minecraft:iron_nugget":11,"dynamictrees:oak_seed":4,"minecraft:cobbled_deepslate":55,"born_in_chaos_v1:ethereal_spirit":4,"minecraft:rotten_flesh":42,"iceandfire:frozen_stone":15,"justhammers:iron_hammer":1,"iceandfire:frozen_grass":2,"evilcraft:flesh_humanoid":3,"minecraft:leather_chestplate":1,"justhammers:stone_hammer":1,"minecraft:tipped_arrow":1,"minecraft:charcoal":2,"minecraft:jungle_stairs":5,"born_in_chaos_v1:corpse_maggot":12,"minecraft:leather_boots":1,"minecraft:birch_door":2,"iceandfire:crackled_cobblestone":1,"minecraft:acacia_sapling":1,"comforts:sleeping_bag_white":2,"minecraft:red_nether_bricks":30,"minecraft:arrow":3,"iceandfire:armor_copper_metal_leggings":1,"minecraft:stone_brick_stairs":1,"iceandfire:chared_grass":1,"endrem:black_eye":2,"iceandfire:manuscript":6,"minecraft:enchanted_book":1,"minecraft:water_bucket":3,"minecraft:iron_ingot":20,"minecraft:bread":7,"born_in_chaos_v1:wood_splitter_axe":3,"minecraft:wheat_seeds":36,"dynamictrees:birch_seed":1,"minecraft:mossy_cobblestone":5,"minecraft:smooth_quartz_stairs":5,"minecraft:poisonous_potato":1,"minecraft:cobblestone":21,"minecraft:book":6,"iceandfire:frozen_gravel":12,"minecraft:granite":1,"minecraft:copper_ingot":7,"minecraft:spruce_stairs":5,"minecraft:golden_apple":1,"minecraft:mushroom_stew":3,"minecraft:stick":55,"minecraft:cobweb":10,"iceandfire:crackled_dirt":1,"minecraft:torch":1,"minecraft:wooden_axe":1,"minecraft:melon_slice":2,"born_in_chaos_v1:fused_bone":2,"epicfight:iron_greatsword":3,"minecraft:iron_leggings":3,"minecraft:pumpkin":1,"minecraft:oak_stairs":4,"minecraft:polished_andesite_stairs":3,"minecraft:wither_rose":1,"iceandfire:ice_dragon_heart":1,"epicfight:stone_greatsword":6,"iceandfire:crackled_grass":2,"minecraft:iron_axe":4,"iceandfire:dragonscales_white":14,"minecraft:orange_bed":1,"minecraft:string":4,"minecraft:bucket":1,"minecraft:gray_carpet":1,"minecraft:acacia_planks":2,"minecraft:dandelion":1,"iceandfire:dragonbone":2,"minecraft:stone_brick_slab":1,"iceandfire:frozen_cobblestone":2,"iceandfire:silver_nugget":36,"epicfight:uchigatana":1,"minecraft:stone_sword":4,"minecraft:sticky_piston":10,"minecraft:tall_grass":2,"minecraft:clay_ball":3,"iceandfire:silver_ore":1,"minecraft:iron_boots":1,"minecraft:stone_slab":3,"evilcraft:origins_of_darkness":1,"immersive_armors:heavy_chestplate":1,"minecraft:potato":2,"minecraft:mossy_stone_bricks":4,"iceandfire:silver_ingot":2,"minecraft:fire_coral":1,"minecraft:oak_boat":1,"minecraft:oak_sapling":5,"minecraft:andesite_stairs":1,"minecraft:golden_sword":2,"minecraft:spider_eye":2,"minecraft:barrel":1,"minecraft:bow":1,"minecraft:stone_pickaxe":2,"minecraft:wooden_pickaxe":1,"iceandfire:crackled_stone":1,"minecraft:calcite":12,"epicfight:skillbook":6}},"DataVersion":3120}