{"stats":{"minecraft:killed_by":{"born_in_chaos_v1:nightmare_stalker":1,"iceandfire:cyclops":1,"minecraft:creeper":1,"iceandfire:sea_serpent":1,"dungeons_mobs:mossy_skeleton":2,"iceandfire:fire_dragon":7,"minecraft:player":3,"born_in_chaos_v1:fallen_chaos_knight":1,"born_in_chaos_v1:barrel_zombie":1,"born_in_chaos_v1:bonescaller":1,"iceandfire:gorgon":2},"minecraft:custom":{"minecraft:interact_with_crafting_table":24,"minecraft:open_barrel":7,"minecraft:bell_ring":11,"minecraft:leave_game":14,"minecraft:time_since_death":34698,"minecraft:sprint_one_cm":735681,"minecraft:damage_blocked_by_shield":55,"minecraft:drop":339,"minecraft:play_noteblock":5,"minecraft:talked_to_villager":1,"minecraft:play_time":394356,"minecraft:deaths":23,"minecraft:jump":5960,"minecraft:walk_on_water_one_cm":78441,"minecraft:interact_with_furnace":6,"minecraft:interact_with_cartography_table":1,"minecraft:sleep_in_bed":9,"minecraft:damage_dealt":20871,"minecraft:player_kills":6,"minecraft:crouch_one_cm":8240,"minecraft:interact_with_smoker":5,"minecraft:interact_with_anvil":5,"minecraft:mob_kills":86,"minecraft:damage_dealt_resisted":906,"minecraft:climb_one_cm":20960,"minecraft:walk_one_cm":2210977,"minecraft:damage_dealt_absorbed":601,"minecraft:sneak_time":3753,"minecraft:walk_under_water_one_cm":73763,"minecraft:boat_one_cm":171708,"minecraft:total_world_time":394356,"minecraft:tune_noteblock":5,"minecraft:time_since_rest":5306,"minecraft:damage_taken":2147483647,"minecraft:trigger_trapped_chest":2,"minecraft:swim_one_cm":48700,"minecraft:fly_one_cm":1674726,"minecraft:open_chest":211,"minecraft:fall_one_cm":280097},"minecraft:killed":{"minecraft:cave_spider":2,"born_in_chaos_v1:restless_spirit":1,"born_in_chaos_v1:zombie_lumberjack":1,"minecraft:spider":2,"born_in_chaos_v1:scarlet_persecutor":4,"quark:forgotten":1,"minecraft:skeleton":9,"born_in_chaos_v1:skeleton_thrasher":1,"minecraft:pig":3,"dungeons_mobs:jungle_zombie":3,"minecraft:sheep":5,"minecraft:zombie":26,"born_in_chaos_v1:dread_hound":1,"born_in_chaos_v1:corpse_fly":4,"born_in_chaos_v1:zombie_bruiser":2,"born_in_chaos_v1:maggot":12,"iceandfire:fire_dragon":1,"minecraft:drowned":1,"born_in_chaos_v1:barrel_zombie":2,"born_in_chaos_v1:fallen_chaos_knight":1,"naturalist:bear":1,"iceandfire:cyclops":1,"born_in_chaos_v1:decrepit_skeleton":1,"born_in_chaos_v1:decaying_zombie":1,"iceandfire:ghost":2,"iceandfire:ice_dragon":1,"born_in_chaos_v1:nightmare_stalker":1,"minecraft:villager":1},"minecraft:crafted":{"minecraft:oak_planks":16,"minecraft:cooked_chicken":5,"minecraft:bow":1,"minecraft:crafting_table":4,"minecraft:spruce_planks":12,"minecraft:stick":24,"minecraft:stone_pickaxe":1,"epicfight:stone_greatsword":3,"minecraft:acacia_planks":76},"minecraft:dropped":{"minecraft:nether_brick_stairs":1,"minecraft:moss_block":5,"minecraft:porkchop":1,"minecraft:glass_bottle":2,"minecraft:diamond":5,"minecraft:red_nether_brick_slab":3,"iceandfire:chared_dirt":4,"iceandfire:frozen_dirt":24,"minecraft:jungle_planks":5,"iceandfire:ectoplasm":1,"minecraft:cracked_stone_bricks":2,"minecraft:leather_helmet":2,"minecraft:flint":4,"minecraft:emerald":4,"born_in_chaos_v1:monster_flesh":2,"minecraft:packed_mud":2,"minecraft:dirt":87,"dynamictrees:jungle_seed":8,"born_in_chaos_v1:monster_skin":2,"artifacts:charm_of_sinking":1,"minecraft:chain":4,"minecraft:gold_nugget":625,"iceandfire:ash":1,"minecraft:sand":5,"minecraft:white_wool":2,"minecraft:gold_ingot":9,"minecraft:bone":43,"minecraft:honeycomb_block":1,"minecraft:stone_axe":1,"minecraft:sugar_cane":16,"minecraft:iron_nugget":5,"dynamictrees:oak_seed":4,"minecraft:polished_andesite_slab":2,"minecraft:cobbled_deepslate":55,"born_in_chaos_v1:ethereal_spirit":4,"minecraft:rotten_flesh":41,"iceandfire:frozen_stone":15,"justhammers:iron_hammer":1,"iceandfire:frozen_grass":2,"evilcraft:flesh_humanoid":3,"minecraft:leather_chestplate":1,"justhammers:stone_hammer":1,"minecraft:tipped_arrow":1,"minecraft:charcoal":2,"minecraft:jungle_stairs":5,"born_in_chaos_v1:corpse_maggot":12,"minecraft:leather_boots":1,"minecraft:birch_door":2,"iceandfire:crackled_cobblestone":1,"minecraft:acacia_sapling":1,"comforts:sleeping_bag_white":1,"minecraft:arrow":3,"iceandfire:armor_copper_metal_leggings":1,"minecraft:stone_brick_stairs":1,"iceandfire:chared_grass":1,"endrem:black_eye":2,"iceandfire:manuscript":6,"minecraft:enchanted_book":1,"minecraft:water_bucket":2,"minecraft:iron_ingot":20,"minecraft:bread":7,"born_in_chaos_v1:wood_splitter_axe":3,"minecraft:wheat_seeds":36,"dynamictrees:birch_seed":1,"minecraft:smooth_quartz_stairs":5,"minecraft:poisonous_potato":1,"minecraft:cobblestone":21,"minecraft:book":6,"iceandfire:frozen_gravel":12,"minecraft:granite":1,"minecraft:copper_ingot":7,"minecraft:spruce_stairs":5,"minecraft:mushroom_stew":1,"minecraft:stick":55,"minecraft:cobweb":9,"iceandfire:crackled_dirt":1,"minecraft:torch":1,"minecraft:wooden_axe":1,"minecraft:melon_slice":2,"born_in_chaos_v1:fused_bone":2,"epicfight:iron_greatsword":3,"minecraft:iron_leggings":3,"minecraft:oak_stairs":4,"minecraft:pumpkin":1,"minecraft:polished_andesite_stairs":2,"iceandfire:ice_dragon_heart":1,"epicfight:stone_greatsword":5,"iceandfire:crackled_grass":2,"minecraft:iron_axe":4,"iceandfire:dragonscales_white":14,"minecraft:orange_bed":1,"minecraft:string":2,"minecraft:bucket":1,"minecraft:gray_carpet":1,"minecraft:acacia_planks":2,"minecraft:dandelion":1,"iceandfire:dragonbone":2,"minecraft:stone_brick_slab":1,"iceandfire:frozen_cobblestone":2,"epicfight:uchigatana":1,"minecraft:stone_sword":4,"minecraft:sticky_piston":10,"minecraft:tall_grass":2,"minecraft:clay_ball":3,"iceandfire:silver_ore":1,"minecraft:iron_boots":1,"minecraft:stone_slab":3,"evilcraft:origins_of_darkness":1,"minecraft:potato":2,"minecraft:mossy_stone_bricks":4,"iceandfire:silver_ingot":2,"minecraft:fire_coral":1,"minecraft:oak_boat":1,"minecraft:oak_sapling":5,"minecraft:andesite_stairs":1,"minecraft:spider_eye":2,"minecraft:barrel":1,"minecraft:bow":1,"minecraft:stone_pickaxe":2,"minecraft:wooden_pickaxe":1,"iceandfire:crackled_stone":1,"epicfight:skillbook":5},"minecraft:broken":{"justhammers:stone_hammer":1,"immersive_armors:heavy_helmet":1,"minecraft:stone_axe":1,"minecraft:leather_chestplate":1,"immersive_armors:heavy_boots":1},"minecraft:mined":{"minecraft:spruce_planks":13,"minecraft:granite":3,"minecraft:acacia_log":18,"minecraft:grass_block":38,"minecraft:spawner":5,"iceandfire:crackled_cobblestone":1,"minecraft:tall_seagrass":1,"minecraft:iron_ore":2,"minecraft:cobbled_deepslate":4,"minecraft:sticky_piston":8,"minecraft:fire":31,"dynamictrees:rooty_grass_block":2,"minecraft:pumpkin":1,"iceandfire:crackled_dirt":1,"minecraft:red_tulip":1,"iceandfire:gold_pile":15,"minecraft:water_cauldron":1,"minecraft:oak_stairs":4,"dynamictrees:jungle_undergrowth_leaves":8,"iceandfire:chared_cobblestone":3,"minecraft:piston_head":2,"iceandfire:dragon_ice_spikes":8,"minecraft:torch":2,"minecraft:jungle_stairs":5,"minecraft:melon":3,"minecraft:polished_andesite_stairs":1,"minecraft:white_stained_glass_pane":4,"iceandfire:frozen_dirt":31,"dynamictrees:jungle_branch":110,"minecraft:cobblestone":5,"minecraft:honeycomb_block":1,"minecraft:oak_planks":8,"minecraft:wall_torch":1,"minecraft:repeater":4,"iceandfire:crackled_stone":1,"minecraft:grass":99,"dynamictrees:rooty_moss_block":1,"minecraft:sand":3,"minecraft:dirt":90,"minecraft:tripwire_hook":1,"minecraft:oak_leaves":46,"minecraft:deepslate":3,"minecraft:tuff":1,"iceandfire:silver_ore":2,"dynamictrees:birch_branch":38,"minecraft:dark_oak_log":1,"iceandfire:frozen_cobblestone":10,"iceandfire:crackled_gravel":2,"minecraft:gray_stained_glass_pane":3,"minecraft:lever":1,"minecraft:ladder":1,"iceandfire:frozen_stone":8,"minecraft:jungle_planks":6,"iceandfire:frozen_grass":2,"minecraft:redstone_wire":40,"iceandfire:chared_dirt":3,"iceandfire:dragon_ice":7,"minecraft:moss_block":9,"minecraft:rooted_dirt":6,"iceandfire:chared_grass":1,"minecraft:packed_mud":1,"dynamictrees:oak_undergrowth_leaves":16,"iceandfire:crackled_grass":2,"minecraft:cobblestone_slab":1,"dynamictrees:oak_branch":115,"minecraft:deepslate_iron_ore":3,"minecraft:vine":1,"minecraft:stone":101,"minecraft:redstone_block":6,"minecraft:stone_brick_slab":5,"iceandfire:frozen_gravel":6,"minecraft:crafting_table":3,"dynamictrees:acacia_leaves":5,"minecraft:stone_slab":2,"minecraft:tall_grass":20,"minecraft:air":110,"minecraft:spruce_stairs":6,"minecraft:coarse_dirt":2,"iceandfire:ash":3,"minecraft:coal_ore":19,"minecraft:gravel":2,"minecraft:acacia_door":2,"minecraft:cracked_stone_bricks":1,"minecraft:stone_bricks":8,"minecraft:mossy_stone_bricks":4,"minecraft:fern":22,"minecraft:dark_oak_planks":1},"minecraft:used":{"minecraft:moss_block":1,"born_in_chaos_v1:intoxicating_decoction":1,"minecraft:chest":1,"minecraft:shield":3,"minecraft:carrot":4,"iceandfire:frozen_grass":1,"minecraft:tuff":14,"minecraft:milk_bucket":2,"born_in_chaos_v1:corpse_maggot":8,"minecraft:lava_bucket":39,"minecraft:stone_bricks":22,"minecraft:bow":11,"minecraft:egg":9,"iceandfire:frozen_cobblestone":7,"minecraft:potato":54,"epicfight:skillbook":7,"minecraft:stone_pickaxe":234,"minecraft:gray_carpet":2,"minecraft:wooden_pickaxe":46,"minecraft:cookie":11,"iceandfire:frozen_dirt":4,"minecraft:sticky_piston":2,"minecraft:lever":1,"minecraft:acacia_door":2,"born_in_chaos_v1:monster_flesh":1,"minecraft:melon_slice":17,"minecraft:bread":113,"dynamictrees:acacia_seed":1,"minecraft:coarse_dirt":2,"minecraft:experience_bottle":3,"minecraft:tropical_fish":1,"minecraft:redstone":1,"minecraft:cooked_chicken":5,"minecraft:orange_bed":1,"minecraft:torch":11,"iceandfire:silver_ore":1,"minecraft:dirt":43,"iceandfire:copper_sword":32,"minecraft:stone_brick_slab":5,"epicfight:iron_greatsword":190,"minecraft:iron_axe":323,"minecraft:rooted_dirt":3,"iceandfire:dragon_ice":7,"minecraft:barrel":1,"evilcraft:flesh_humanoid":1,"epicfight:stone_greatsword":63,"minecraft:tripwire_hook":1,"comforts:sleeping_bag_white":3,"minecraft:cooked_beef":5,"minecraft:cobbled_deepslate":44,"minecraft:acacia_planks":10,"minecraft:cooked_mutton":2,"minecraft:water_bucket":2,"minecraft:baked_potato":4,"minecraft:cauldron":1,"minecraft:crafting_table":6,"justhammers:iron_hammer":35,"minecraft:apple":32,"minecraft:iron_pickaxe":75,"minecraft:stone_slab":1,"iceandfire:ash":2,"justhammers:stone_hammer":98,"minecraft:stone_axe":165,"minecraft:cobblestone":245,"travelersbackpack:standard":2,"minecraft:cooked_porkchop":3,"minecraft:bucket":44,"born_in_chaos_v1:wood_splitter_axe":74,"minecraft:pumpkin_pie":5,"quark:oak_chest":1},"minecraft:picked_up":{"minecraft:wooden_axe":1,"minecraft:birch_door":2,"minecraft:redstone_block":6,"minecraft:stone_slab":4,"minecraft:oak_stairs":4,"minecraft:stone_brick_stairs":1,"minecraft:string":11,"minecraft:red_nether_bricks":15,"minecraft:sticky_piston":20,"minecraft:experience_bottle":10,"minecraft:cobbled_deepslate":68,"minecraft:gold_nugget":240,"minecraft:bucket":2,"comforts:sleeping_bag_white":5,"minecraft:spruce_planks":20,"minecraft:calcite":12,"dynamictrees:oak_seed":2,"iceandfire:frozen_gravel":12,"minecraft:melon_slice":13,"minecraft:smooth_quartz_stairs":5,"minecraft:tipped_arrow":1,"minecraft:stick":47,"iceandfire:crackled_dirt":1,"minecraft:torch":13,"minecraft:acacia_log":19,"iceandfire:dragonscales_white":14,"minecraft:spruce_stairs":6,"iceandfire:silver_ore":2,"epicfight:skillbook":6,"minecraft:porkchop":12,"minecraft:golden_axe":1,"minecraft:honeycomb_block":1,"born_in_chaos_v1:nightmare_claw":2,"minecraft:cauldron":1,"quark:ancient_tome":1,"minecraft:orange_bed":2,"minecraft:stone_sword":4,"minecraft:rotten_flesh":55,"minecraft:tropical_fish":1,"iceandfire:crackled_grass":2,"minecraft:obsidian":8,"minecraft:cobblestone":379,"minecraft:birch_log":2,"minecraft:leather_chestplate":1,"immersive_armors:heavy_helmet":1,"minecraft:cooked_beef":5,"minecraft:repeater":4,"minecraft:jungle_log":2,"minecraft:potato":5,"minecraft:flint":4,"minecraft:tuff":14,"evilcraft:flesh_humanoid":4,"minecraft:dirt":152,"born_in_chaos_v1:monster_skin":2,"minecraft:bone":40,"minecraft:acacia_planks":55,"epicfight:iron_greatsword":4,"minecraft:bow":1,"minecraft:wheat_seeds":41,"minecraft:mossy_stone_bricks":4,"minecraft:moss_block":6,"minecraft:oak_planks":22,"minecraft:poisonous_potato":1,"justhammers:iron_hammer":2,"minecraft:sand":5,"minecraft:jungle_planks":5,"dynamictrees:acacia_seed":1,"minecraft:nether_brick_stairs":1,"minecraft:dark_oak_log":1,"iceandfire:frozen_dirt":28,"minecraft:barrel":2,"iceandfire:chared_cobblestone":3,"iceandfire:crackled_stone":1,"minecraft:lever":1,"iceandfire:dragon_ice":7,"minecraft:bread":63,"minecraft:rooted_dirt":3,"minecraft:oak_sapling":5,"iceandfire:silver_nugget":36,"minecraft:crafting_table":2,"minecraft:charcoal":2,"minecraft:coarse_dirt":2,"minecraft:clay_ball":3,"born_in_chaos_v1:seedof_chaos":1,"minecraft:wooden_pickaxe":1,"iceandfire:frozen_cobblestone":9,"minecraft:chain":2,"minecraft:shield":1,"minecraft:fire_coral":1,"iceandfire:sea_serpent_scales_blue":11,"iceandfire:frozen_grass":3,"iceandfire:frozen_stone":15,"minecraft:iron_axe":3,"minecraft:acacia_door":2,"born_in_chaos_v1:intoxicating_decoction":1,"minecraft:cracked_stone_bricks":2,"iceandfire:bestiary":1,"minecraft:andesite_stairs":1,"minecraft:oak_boat":1,"minecraft:iron_nugget":5,"minecraft:sugar_cane":16,"minecraft:chest":1,"iceandfire:ice_dragon_heart":1,"minecraft:raw_iron":7,"iceandfire:dragonbone":2,"artifacts:charm_of_sinking":1,"minecraft:copper_ingot":14,"iceandfire:chared_grass":1,"born_in_chaos_v1:pieceofdarkmetal":16,"minecraft:redstone":40,"minecraft:prismarine_crystals":4,"minecraft:dark_oak_planks":1,"minecraft:arrow":10,"born_in_chaos_v1:wood_splitter_axe":4,"minecraft:jungle_stairs":5,"iceandfire:chared_dirt":4,"minecraft:gold_ingot":3,"minecraft:mutton":4,"minecraft:white_wool":6,"born_in_chaos_v1:fused_bone":2,"born_in_chaos_v1:corpse_maggot":20,"immersive_armors:heavy_leggings":1,"born_in_chaos_v1:monster_flesh":3,"minecraft:tripwire_hook":1,"minecraft:leather":9,"minecraft:packed_mud":2,"minecraft:mushroom_stew":1,"minecraft:oak_log":4,"minecraft:gunpowder":1,"iceandfire:armor_copper_metal_helmet":1,"immersive_armors:heavy_chestplate":1,"minecraft:stone_bricks":24,"minecraft:gray_carpet":3,"minecraft:iron_ingot":11,"dynamictrees:birch_seed":1,"minecraft:stone_pickaxe":4,"minecraft:cobweb":7,"minecraft:tall_grass":2,"minecraft:glass_bottle":1,"minecraft:polished_andesite_slab":2,"minecraft:iron_sword":1,"minecraft:acacia_sapling":2,"iceandfire:crackled_cobblestone":1,"minecraft:book":5,"minecraft:polished_andesite_stairs":3,"iceandfire:copper_nugget":5,"endrem:black_eye":2,"minecraft:pumpkin":1,"epicfight:stone_greatsword":4,"minecraft:stone_brick_slab":6,"iceandfire:ash":3,"born_in_chaos_v1:ethereal_spirit":10,"minecraft:dandelion":1,"minecraft:gravel":2,"justhammers:stone_hammer":2,"quark:oak_chest":1,"minecraft:spider_eye":3,"minecraft:leather_helmet":2,"travelersbackpack:standard":1,"minecraft:stone_axe":2,"dynamictrees:jungle_seed":8,"minecraft:iron_helmet":1,"immersive_armors:heavy_boots":1,"minecraft:red_nether_brick_slab":3,"minecraft:coal":75}},"DataVersion":3120}